Elo Rank,Player,Age,Elo,Unnamed: 4,hElo Rank,hElo,cElo Rank,cElo,gElo Rank,gElo,Unnamed: 11,Peak Elo,Peak Month,Unnamed: 14,ATP Rank,Log diff,NormName
1,Carlos Alcaraz,22.0,2237.4,,2,2124.4,1,2199.0,1,2110.8,,2243.6,2023-08,,2.0,-0.69,Alcaraz C.
2,Jannik Sinner,23.7,2230.7,,1,2188.7,2,2122.7,3,1977.1,,2329.6,2025-01,,1.0,0.69,Sinner J.
3,Novak Djokovic,38.0,2161.4,,3,2114.7,3,2083.2,2,2037.2,,2463.2,2016-05,,5.0,-0.51,Djokovic N.
4,Jack Draper,23.4,2080.1,,4,2025.9,7,1953.0,8,1889.8,,2103.8,2025-04,,6.0,-0.41,Draper J.
5,Alexander Zverev,28.1,2065.7,,5,2023.8,5,2005.5,7,1896.0,,2176.5,2022-01,,3.0,0.51,Zverev A.
6,Lorenzo Musetti,23.2,2044.2,,18,1890.3,4,2016.5,4,1913.4,,2050.5,2025-05,,7.0,-0.15,Musetti L.
7,Tommy Paul,28.0,2023.6,,8,1942.1,8,1949.8,6,1899.9,,2028.8,2025-05,,8.0,-0.13,Paul T.
8,Taylor Fritz,27.6,2007.0,,6,1962.4,15,1886.0,5,1905.5,,2054.0,2025-01,,4.0,0.69,Fritz T.
9,Casper Ruud,26.4,1988.6,,14,1896.5,6,1976.1,37,1717.6,,2071.9,2022-05,,16.0,-0.58,Ruud C.
10,Alex De Minaur,26.2,1984.1,,10,1927.5,14,1889.2,13,1827.0,,2053.1,2024-06,,12.0,-0.18,Minaur A.
11,Arthur Fils,20.9,1983.0,,13,1902.1,9,1947.5,12,1827.6,,1985.4,2025-04,,15.0,-0.31,Fils A.
12,Daniil Medvedev,29.3,1975.2,,7,1947.1,13,1902.3,10,1871.8,,2201.2,2022-01,,11.0,0.09,Medvedev D.
13,Grigor Dimitrov,34.0,1962.7,,9,1929.4,18,1869.1,15,1802.2,,2111.5,2014-08,,19.0,-0.38,Dimitrov G.
14,Holger Rune,22.0,1960.3,,11,1910.8,12,1915.1,14,1810.0,,2082.0,2023-05,,9.0,0.44,Rune H.
15,Matteo Berrettini,29.0,1954.1,,23,1873.9,11,1934.1,9,1873.1,,2065.7,2022-07,,34.0,-0.82,Berrettini M.
16,Hubert Hurkacz,28.3,1945.8,,21,1877.9,17,1881.1,11,1852.3,,2022.5,2024-06,,29.0,-0.59,Hurkacz H.
17,Stefanos Tsitsipas,26.7,1941.7,,19,1884.3,10,1942.2,18,1774.8,,2145.1,2021-05,,25.0,-0.39,Tsitsipas S.
18,Francisco Cerundolo,26.7,1929.2,,25,1866.5,16,1883.0,34,1723.2,,1961.6,2025-04,,18.0,0.0,Cerundolo F.
19,Ben Shelton,22.6,1925.7,,22,1874.6,21,1829.1,21,1760.4,,1975.5,2024-10,,10.0,0.64,Shelton B.
20,Joao Fonseca,18.7,1918.5,,12,1906.1,27,1803.6,68,1639.8,,1992.5,2025-03,,57.0,-1.05,Fonseca J.
21,Tallon Griekspoor,28.8,1917.8,,24,1869.5,22,1824.8,16,1789.7,,1936.3,2025-03,,35.0,-0.51,Griekspoor T.
22,Gael Monfils,38.7,1910.2,,20,1883.8,45,1744.0,42,1705.1,,2087.1,2016-10,,42.0,-0.65,Monfils G.
23,Jiri Lehecka,23.5,1905.0,,27,1858.3,33,1789.3,31,1726.5,,1966.5,2025-02,,30.0,-0.27,Lehecka J.
24,Tomas Machac,24.6,1904.3,,16,1892.9,38,1762.2,38,1716.7,,1972.7,2025-04,,23.0,0.04,Machac T.
25,Jakub Mensik,19.7,1898.2,,17,1890.6,34,1779.6,59,1651.0,,1968.7,2025-04,,17.0,0.39,Mensik J.
26,Andrey Rublev,27.5,1898.1,,26,1861.9,19,1857.3,17,1787.8,,2122.1,2021-04,,14.0,0.62,Rublev A.
27,Ugo Humbert,26.9,1890.3,,15,1893.3,46,1743.0,23,1754.7,,2017.7,2024-03,,20.0,0.3,Humbert U.
28,Karen Khachanov,29.0,1887.6,,29,1839.4,20,1839.7,41,1705.7,,2029.5,2018-10,,22.0,0.24,Khachanov K.
29,Alejandro Davidovich Fokina,25.9,1883.8,,31,1831.1,25,1811.2,56,1654.3,,1931.2,2021-05,,28.0,0.04,Fokina A.
30,Sebastian Korda,24.8,1877.7,,28,1839.7,39,1762.0,20,1771.0,,2020.7,2023-01,,26.0,0.14,Korda S.
31,Gabriel Diallo,23.7,1876.6,,41,1779.0,37,1764.3,26,1746.0,,1876.6,2025-06,,44.0,-0.35,Diallo G.
32,Thanasi Kokkinakis,28.7,1872.6,,34,1822.4,35,1771.4,65,1643.4,,1890.3,2015-06,,141.0,-1.48,Kokkinakis T.
33,Frances Tiafoe,27.3,1862.7,,35,1811.1,30,1796.5,25,1752.7,,1974.0,2023-06,,13.0,0.93,Tiafoe F.
34,Jordan Thompson,31.1,1858.2,,33,1824.7,104,1647.5,22,1755.0,,1891.2,2024-12,,37.0,-0.08,Thompson J.
35,Felix Auger Aliassime,24.8,1857.6,,32,1830.1,28,1799.8,28,1734.0,,2062.7,2022-10,,27.0,0.26,Aliassime F.
36,Flavio Cobolli,23.0,1856.7,,50,1753.3,23,1820.1,70,1634.6,,1889.7,2024-12,,24.0,0.41,Cobolli F.
37,Alexander Bublik,27.9,1853.7,,47,1761.8,26,1810.6,19,1773.2,,1904.1,2024-02,,45.0,-0.2,Bublik A.
38,Alexei Popyrin,25.8,1843.2,,39,1781.2,31,1795.6,49,1679.9,,1902.2,2024-10,,21.0,0.59,Popyrin A.
39,Denis Shapovalov,26.1,1842.0,,30,1835.5,47,1736.3,45,1687.0,,1983.2,2020-01,,31.0,0.23,Shapovalov D.
40,Matteo Arnaldi,24.2,1839.6,,37,1795.1,29,1797.4,66,1643.0,,1902.9,2024-06,,41.0,-0.02,Arnaldi M.
41,Cameron Norrie,29.7,1836.1,,46,1763.5,24,1818.8,36,1721.1,,2028.6,2022-08,,61.0,-0.4,Norrie C.
42,Marcos Giron,31.8,1829.3,,36,1795.4,81,1686.3,24,1753.5,,1874.1,2025-03,,43.0,-0.02,Giron M.
43,Fabian Marozsan,25.6,1823.2,,52,1748.5,40,1751.6,83,1611.2,,1867.2,2024-04,,58.0,-0.3,Marozsan F.
44,Jacob Fearnley,23.9,1822.2,,43,1771.8,42,1750.6,46,1686.8,,1910.0,2024-10,,60.0,-0.31,Fearnley J.
45,Zizou Bergs,26.0,1816.6,,40,1780.8,73,1699.0,29,1728.2,,1859.2,2025-03,,49.0,-0.09,Bergs Z.
46,Brandon Nakashima,23.8,1815.3,,38,1786.7,56,1721.2,35,1722.8,,1909.5,2024-09,,32.0,0.36,Nakashima B.
47,Nuno Borges,28.3,1814.9,,44,1770.6,36,1766.2,87,1603.9,,1843.6,2025-03,,38.0,0.21,Borges N.
48,Giovanni Mpetshi Perricard,21.9,1801.4,,48,1758.6,70,1706.1,40,1706.4,,1862.8,2024-12,,36.0,0.29,Perricard G.
49,Alex Michelsen,20.7,1797.7,,42,1778.9,103,1648.7,48,1680.7,,1904.8,2025-01,,33.0,0.4,Michelsen A.
50,Hamad Medjedovic,21.8,1796.5,,45,1765.2,49,1734.8,63,1646.2,,1844.3,2025-04,,71.0,-0.35,Medjedovic H.
51,Laslo Djere,30.0,1793.2,,75,1696.1,32,1789.6,93,1601.0,,1854.6,2023-09,,65.0,-0.24,Djere L.
52,Ethan Quinn,21.2,1791.9,,68,1717.5,77,1692.5,75,1624.0,,1804.0,2025-05,,95.0,-0.6,Quinn E.
53,Marton Fucsovics,33.3,1790.9,,60,1735.2,51,1731.6,27,1738.1,,1924.2,2021-03,,105.0,-0.68,Fucsovics M.
54,Borna Coric,28.5,1790.3,,54,1742.0,41,1751.1,55,1658.2,,2011.6,2019-01,,84.0,-0.44,Coric B.
55,Alexandre Muller,28.3,1786.1,,73,1700.6,44,1748.9,95,1599.3,,1801.7,2025-05,,40.0,0.32,Muller A.
56,David Goffin,34.3,1782.6,,56,1740.2,55,1725.9,33,1723.4,,2048.7,2017-04,,50.0,0.11,Goffin D.
57,Kei Nishikori,35.3,1782.1,,53,1746.5,99,1655.0,74,1625.2,,2194.2,2016-08,,66.0,-0.15,Nishikori K.
58,Jenson Brooksby,24.6,1782.0,,49,1756.2,61,1717.2,58,1652.8,,2005.3,2022-03,,149.0,-0.94,Brooksby J.
59,Juncheng Shang,19.9,1781.5,,61,1733.3,98,1658.1,52,1668.6,,1895.7,2024-09,,76.0,-0.25,Shang J.
60,Roberto Bautista Agut,37.1,1780.6,,67,1717.5,50,1734.7,30,1727.2,,2033.8,2016-02,,51.0,0.16,Agut R.
61,Reilly Opelka,27.7,1778.0,,51,1749.5,76,1696.1,51,1675.4,,1927.5,2022-04,,75.0,-0.21,Opelka R.
62,Miomir Kecmanovic,25.7,1776.4,,58,1735.9,69,1709.2,57,1653.3,,1900.6,2022-04,,47.0,0.28,Kecmanovic M.
63,Corentin Moutet,26.1,1772.1,,72,1707.3,63,1713.4,60,1650.7,,1830.6,2022-09,,89.0,-0.35,Moutet C.
64,Quentin Halys,28.6,1771.0,,64,1725.5,78,1692.2,43,1700.4,,1811.4,2023-04,,48.0,0.29,Halys Q.
65,Mariano Navone,24.2,1769.0,,145,1585.9,43,1749.5,161,1520.9,,1875.9,2024-04,,90.0,-0.33,Navone M.
66,Marin Cilic,36.6,1766.8,,62,1730.6,65,1712.4,32,1723.6,,2100.4,2010-02,,101.0,-0.43,Cilic M.
67,Sebastian Ofner,29.0,1763.4,,86,1679.0,48,1736.0,61,1647.1,,1812.7,2024-01,,122.0,-0.6,Ofner S.
68,Daniel Altmaier,26.7,1759.7,,91,1668.0,54,1726.0,112,1568.1,,1789.1,2021-08,,52.0,0.27,Altmaier D.
69,Roman Safiullin,27.8,1759.4,,59,1735.6,83,1683.3,53,1666.7,,1911.3,2024-01,,73.0,-0.06,Safiullin R.
70,Lucas Pouille,30.9,1758.9,,70,1711.4,84,1680.8,47,1683.7,,1987.7,2017-06,,135.0,-0.66,Pouille L.
71,Jaume Munar,28.0,1756.9,,81,1685.0,64,1713.3,130,1549.4,,1819.0,2021-04,,59.0,0.19,Munar J.
72,Yoshihito Nishioka,29.7,1756.5,,55,1741.4,101,1652.2,99,1592.5,,1884.7,2023-01,,78.0,-0.08,Nishioka Y.
73,Alejandro Tabilo,27.9,1755.6,,76,1692.2,60,1717.3,50,1676.2,,1895.7,2024-07,,55.0,0.28,Tabilo A.
74,Colton Smith,22.2,1753.1,,65,1725.3,157,1568.5,69,1637.3,,1837.6,2025-06,,146.0,-0.68,Smith C.
75,Learner Tien,19.5,1747.2,,57,1738.8,186,1526.0,97,1593.7,,1888.2,2025-02,,67.0,0.11,Tien L.
76,Filip Misolic,23.7,1747.2,,114,1624.3,66,1712.4,147,1534.2,,1749.8,2025-05,,142.0,-0.63,Misolic F.
77,Tomas Martin Etcheverry,25.8,1745.7,,82,1684.0,52,1729.2,151,1530.6,,1871.7,2023-05,,63.0,0.2,Etcheverry T.
78,Camilo Ugo Carabelli,25.9,1744.5,,113,1624.4,58,1718.8,172,1510.5,,1771.9,2025-05,,53.0,0.39,Carabelli C.
79,Jason Kubler,32.0,1742.6,,74,1696.2,108,1642.3,39,1708.4,,1790.0,2022-07,,200.0,-0.93,Kubler J.
80,Lorenzo Sonego,30.0,1740.1,,66,1718.6,88,1672.1,72,1631.1,,1895.3,2021-05,,46.0,0.55,Sonego L.
81,Dino Prizmic,19.8,1736.4,,102,1637.7,62,1716.6,117,1564.3,,1736.4,2025-06,,175.0,-0.77,Prizmic D.
82,Luciano Darderi,23.3,1732.2,,208,1512.8,57,1720.6,143,1539.0,,1857.0,2024-06,,56.0,0.38,Darderi L.
83,Roberto Carballes Baena,32.1,1730.2,,92,1667.9,71,1704.0,121,1561.2,,1788.1,2024-07,,70.0,0.17,Baena R.
84,Yibing Wu,25.6,1729.9,,69,1716.7,127,1609.8,129,1551.5,,1882.9,2023-03,,283.0,-1.21,Wu Y.
85,Vit Kopriva,27.9,1729.6,,100,1639.2,80,1690.4,76,1623.8,,1760.5,2025-05,,82.0,0.04,Kopriva V.
86,Zhizhen Zhang,28.3,1727.2,,95,1650.9,53,1728.4,81,1614.6,,1830.9,2024-09,,88.0,-0.02,Zhang Z.
87,Pablo Carreno Busta,33.9,1726.6,,63,1726.7,74,1699.0,122,1561.0,,2005.1,2021-08,,92.0,-0.06,Busta P.
88,Jan Lennard Struff,35.1,1723.8,,93,1651.5,75,1696.9,73,1627.6,,1935.1,2024-07,,103.0,-0.16,Struff J.
89,Kamil Majchrzak,29.4,1722.4,,80,1687.1,68,1710.3,77,1620.7,,1810.1,2025-04,,109.0,-0.2,Majchrzak K.
90,Dominik Koepfer,30.7,1719.9,,90,1669.9,67,1712.3,82,1613.0,,1822.7,2024-03,,348.0,-1.35,Koepfer D.
91,Raphael Collignon,23.3,1718.8,,89,1676.6,90,1667.0,119,1563.9,,1777.6,2025-04,,85.0,0.07,Collignon R.
92,Cristian Garin,29.0,1718.8,,97,1644.8,72,1699.7,54,1658.5,,1889.6,2019-04,,116.0,-0.23,Garin C.
93,Nicolas Jarry,29.6,1716.4,,88,1676.8,79,1691.8,80,1615.0,,1903.0,2023-10,,144.0,-0.44,Jarry N.
94,Sebastian Baez,24.4,1713.4,,148,1584.2,59,1717.7,156,1527.2,,1941.4,2022-07,,39.0,0.88,Baez S.
95,Benjamin Bonzi,28.9,1712.9,,79,1687.5,139,1594.2,79,1618.0,,1835.8,2022-06,,62.0,0.43,Bonzi B.
96,Bu Yunchaokete,23.3,1712.4,,85,1679.4,120,1622.9,144,1537.0,,1834.9,2024-09,,69.0,0.33,Yunchaokete B.
97,Christopher Oconnell,31.0,1711.1,,71,1707.7,116,1630.2,100,1591.8,,1814.1,2025-03,,79.0,0.21,Oconnell C.
98,Stan Wawrinka,40.1,1710.7,,84,1679.5,95,1662.9,86,1606.2,,2145.5,2016-01,,155.0,-0.46,Wawrinka S.
99,Borna Gojo,27.2,1710.1,,87,1677.3,92,1664.0,194,1495.8,,1800.2,2023-10,,219.0,-0.79,Gojo B.
100,Otto Virtanen,23.9,1708.3,,111,1625.1,168,1550.2,44,1691.7,,1768.8,2024-03,,99.0,0.01,Virtanen O.
101,Francisco Comesana,24.6,1706.4,,136,1598.5,82,1685.1,90,1602.2,,1741.0,2025-05,,64.0,0.46,Comesana F.
102,Botic Van De Zandschulp,29.6,1705.0,,78,1687.9,114,1635.4,101,1591.6,,1938.0,2022-09,,91.0,0.11,Zandschulp B.
103,Max Purcell,26.3,1702.6,,101,1638.9,176,1539.3,64,1645.3,,1789.1,2023-08,,160.0,-0.44,Purcell M.
104,Matteo Gigante,23.3,1702.3,,127,1613.0,96,1661.8,111,1571.3,,1709.5,2025-05,,133.0,-0.25,Gigante M.
105,Mackenzie Mcdonald,30.1,1698.6,,77,1689.7,173,1545.5,78,1619.9,,1847.6,2023-03,,98.0,0.07,Mcdonald M.
106,Jesper De Jong,25.0,1695.8,,125,1614.3,85,1677.8,155,1527.4,,1721.9,2024-10,,93.0,0.13,Jong J.
107,Juan Manuel Cerundolo,23.5,1694.5,,183,1534.4,93,1664.0,201,1490.2,,1774.8,2021-10,,107.0,0.0,Cerundolo J.
108,Vilius Gaubas,20.4,1693.1,,200,1518.0,89,1670.3,96,1596.6,,1718.5,2025-05,,132.0,-0.2,Gaubas V.
109,Damir Dzumhur,33.0,1692.5,,106,1630.1,86,1673.9,105,1582.1,,1895.8,2017-09,,68.0,0.47,Dzumhur D.
110,Arthur Rinderknech,29.8,1687.3,,99,1640.2,105,1646.3,116,1565.0,,1869.2,2022-10,,80.0,0.32,Rinderknech A.
111,Dusan Lajovic,34.9,1686.8,,139,1595.7,87,1672.6,189,1498.9,,1854.6,2018-10,,137.0,-0.21,Lajovic D.
112,Zsombor Piros,25.6,1682.7,,147,1584.6,94,1663.2,103,1590.2,,1731.0,2023-04,,161.0,-0.36,Piros Z.
113,Pedro Martinez,28.0,1680.9,,128,1608.5,91,1665.0,221,1476.4,,1844.3,2022-04,,54.0,0.74,Martinez P.
114,Lloyd Harris,28.2,1679.5,,105,1632.4,151,1573.1,67,1641.4,,1896.0,2021-10,,311.0,-1.0,Harris L.
115,Valentin Vacherot,26.5,1677.9,,134,1601.0,100,1652.8,165,1518.2,,1740.8,2024-03,,267.0,-0.84,Vacherot V.
116,Rinky Hijikata,24.2,1677.4,,94,1651.4,213,1496.3,84,1608.2,,1744.9,2025-01,,74.0,0.45,Hijikata R.
117,Francesco Passaro,24.4,1676.0,,149,1581.9,102,1649.8,182,1503.4,,1779.0,2022-08,,143.0,-0.2,Passaro F.
118,Hugo Dellien,31.9,1670.9,,196,1521.7,112,1640.2,184,1500.7,,1779.8,2022-05,,81.0,0.38,Dellien H.
119,Andrea Vavassori,29.9,1669.5,,103,1637.7,115,1631.5,152,1528.8,,1734.8,2023-04,,336.0,-1.04,Vavassori A.
120,Emil Ruusuvuori,26.0,1667.3,,98,1641.8,131,1604.4,85,1607.1,,1893.2,2023-06,,287.0,-0.87,Ruusuvuori E.
121,Hugo Gaston,24.6,1665.5,,116,1623.1,111,1640.4,107,1576.3,,1795.1,2021-11,,87.0,0.33,Gaston H.
122,Ignacio Buse,21.1,1664.0,,289,1420.9,97,1659.3,150,1532.0,,1664.0,2025-06,,152.0,-0.22,Buse I.
123,Nikoloz Basilashvili,33.2,1663.3,,119,1619.9,119,1623.0,88,1602.5,,1889.8,2019-01,,125.0,-0.02,Basilashvili N.
124,Yosuke Watanuki,27.1,1663.0,,110,1626.8,128,1608.4,109,1574.9,,1798.2,2023-05,,182.0,-0.38,Watanuki Y.
125,Valentin Royer,24.0,1662.1,,161,1559.6,110,1640.9,170,1512.7,,1715.0,2025-04,,114.0,0.09,Royer V.
126,Adam Walton,26.1,1661.8,,109,1626.9,224,1483.1,158,1525.5,,1747.1,2025-04,,86.0,0.38,Walton A.
127,Yannick Hanfmann,33.5,1660.9,,137,1598.2,113,1638.4,115,1566.9,,1843.4,2023-06,,138.0,-0.08,Hanfmann Y.
128,Pierre Hugues Herbert,34.2,1659.7,,108,1628.6,153,1571.7,91,1601.9,,1867.9,2019-06,,126.0,0.02,Herbert P.
129,Richard Gasquet,38.9,1659.2,,121,1617.4,123,1617.5,94,1600.5,,2059.5,2016-05,,171.0,-0.28,Gasquet R.
130,Tristan Schoolkate,24.2,1658.4,,122,1617.3,324,1392.2,62,1646.6,,1680.4,2025-04,,106.0,0.2,Schoolkate T.
131,Aslan Karatsev,31.6,1657.3,,120,1618.5,107,1643.8,175,1509.4,,1964.6,2021-05,,218.0,-0.51,Karatsev A.
132,Luca Nardi,21.8,1656.3,,123,1617.2,136,1600.3,217,1478.0,,1724.6,2024-04,,94.0,0.34,Nardi L.
133,Arthur Cazaux,22.7,1655.3,,104,1635.8,193,1513.3,127,1556.1,,1806.5,2024-02,,115.0,0.15,Cazaux A.
134,Alexander Shevchenko,24.5,1654.0,,135,1600.0,126,1611.8,196,1494.0,,1792.0,2024-02,,97.0,0.32,Shevchenko A.
135,Chun Hsin Tseng,23.7,1653.1,,172,1542.2,109,1641.0,232,1467.7,,1715.6,2022-04,,96.0,0.34,Tseng C.
136,Terence Atmane,23.4,1649.8,,107,1628.8,146,1585.1,203,1489.8,,1707.1,2023-10,,123.0,0.1,Atmane T.
137,Nicolas Moreno De Alboran,27.8,1648.5,,112,1624.8,148,1581.2,154,1527.6,,1687.7,2024-11,,159.0,-0.15,Alboran N.
138,Roman Andres Burruchaga,23.3,1647.5,,207,1513.3,124,1616.9,125,1556.9,,1669.3,2024-05,,131.0,0.05,Burruchaga R.
139,Aleksandar Kovacevic,26.7,1647.0,,96,1649.9,206,1504.6,180,1504.4,,1758.8,2024-04,,77.0,0.59,Kovacevic A.
140,Elmer Moller,21.9,1646.3,,212,1508.6,121,1619.7,110,1573.1,,1741.1,2025-04,,110.0,0.24,Moller E.
141,Nishesh Basavareddy,20.1,1642.7,,83,1684.0,252,1453.9,205,1488.0,,1856.6,2025-01,,102.0,0.32,Basavareddy N.
142,Brandon Holt,27.1,1642.5,,115,1624.2,311,1406.5,124,1557.8,,1725.5,2025-02,,104.0,0.31,Holt B.
143,Fabio Fognini,38.0,1638.6,,151,1576.5,118,1627.8,89,1602.4,,2003.8,2014-04,,127.0,0.12,Fognini F.
144,Aleksandar Vukic,29.1,1635.4,,126,1614.0,172,1546.2,113,1568.0,,1773.3,2025-01,,83.0,0.55,Vukic A.
145,Guy Den Ouden,23.1,1632.8,,362,1359.9,117,1629.9,167,1516.4,,1660.6,2025-06,,176.0,-0.19,Ouden G.
146,Facundo Diaz Acosta,24.1,1632.7,,187,1533.7,106,1646.1,242,1459.5,,1791.9,2024-02,,198.0,-0.3,Acosta F.
147,Michael Mmoh,27.3,1632.5,,129,1607.1,185,1526.2,149,1533.1,,1762.3,2017-02,,331.0,-0.81,Mmoh M.
148,Emilio Nava,23.5,1632.1,,199,1519.4,129,1608.1,190,1497.0,,1713.5,2025-04,,121.0,0.2,Nava E.
149,Leandro Riedi,23.3,1631.8,,132,1601.5,179,1538.4,98,1593.5,,1823.3,2023-01,,495.0,-1.2,Riedi L.
150,Pablo Llamas Ruiz,22.6,1631.7,,202,1517.5,122,1618.3,157,1526.4,,1733.1,2023-08,,566.0,-1.33,Ruiz P.
151,Mark Lajal,22.0,1629.9,,152,1576.4,198,1510.2,71,1633.5,,1668.0,2023-06,,168.0,-0.11,Lajal M.
152,Jerome Kym,22.2,1629.7,,158,1569.8,140,1593.7,169,1514.9,,1738.0,2024-10,,162.0,-0.06,Kym J.
153,Alexander Blockx,20.1,1627.5,,131,1604.5,169,1550.2,133,1545.6,,1743.2,2025-01,,140.0,0.09,Blockx A.
154,Kyrian Jacquet,24.0,1626.5,,117,1622.3,160,1560.8,204,1488.1,,1735.1,2025-02,,153.0,0.01,Jacquet K.
155,Dalibor Svrcina,22.6,1625.0,,118,1621.0,156,1568.8,218,1476.9,,1712.9,2025-04,,124.0,0.22,Svrcina D.
156,Facundo Bagnis,35.2,1624.6,,197,1520.6,125,1616.6,363,1387.8,,1737.0,2021-07,,834.0,-1.68,Bagnis F.
157,Tomas Barrios Vera,27.4,1624.5,,217,1495.9,130,1605.1,128,1553.7,,1710.3,2023-07,,112.0,0.34,Vera T.
158,Daniel Elahi Galan,28.9,1623.9,,168,1549.4,142,1590.1,106,1577.0,,1757.5,2022-09,,111.0,0.35,Galan D.
159,Andrea Pellegrino,28.2,1622.4,,291,1418.9,137,1597.9,266,1444.0,,1637.7,2023-10,,136.0,0.16,Pellegrino A.
160,Hyeon Chung,29.0,1621.9,,130,1606.7,141,1592.5,233,1466.8,,1991.8,2018-03,,382.0,-0.87,Chung H.
161,Carlos Taberner,27.7,1620.7,,257,1459.3,133,1601.3,244,1459.0,,1725.0,2021-10,,130.0,0.21,Taberner C.
162,Marc Andrea Huesler,28.9,1619.0,,124,1615.2,165,1552.2,138,1541.3,,1817.0,2023-02,,167.0,-0.03,Huesler M.
163,Patrick Kypson,25.5,1616.8,,142,1588.7,178,1538.7,195,1494.6,,1709.4,2024-02,,234.0,-0.36,Kypson P.
164,Giulio Zeppieri,23.5,1615.9,,144,1587.9,155,1569.6,179,1506.5,,1691.2,2022-07,,368.0,-0.81,Zeppieri G.
165,Thiago Seyboth Wild,25.2,1615.1,,138,1595.8,147,1581.3,145,1536.6,,1793.4,2024-05,,120.0,0.32,Wild T.
166,Daniel Evans,35.0,1611.9,,133,1601.5,183,1528.3,102,1590.5,,1902.5,2021-04,,199.0,-0.18,Evans D.
167,Luca Van Assche,21.0,1611.3,,146,1585.3,149,1579.4,163,1518.8,,1801.5,2023-04,,186.0,-0.11,Assche L.
168,Marco Trungelliti,35.3,1610.3,,205,1514.2,132,1602.9,229,1469.2,,1693.1,2018-07,,154.0,0.09,Trungelliti M.
169,James Duckworth,33.3,1608.9,,155,1572.2,197,1511.6,108,1575.8,,1785.9,2021-11,,100.0,0.52,Duckworth J.
170,Mattia Bellucci,24.0,1608.6,,140,1592.0,192,1517.4,134,1543.4,,1814.3,2024-10,,72.0,0.86,Bellucci M.
171,Federico Coria,33.2,1608.4,,230,1484.8,143,1589.1,335,1405.9,,1754.4,2021-07,,145.0,0.16,Coria F.
172,Titouan Droguet,23.9,1607.5,,185,1534.0,138,1595.0,136,1542.7,,1666.7,2024-09,,225.0,-0.27,Droguet T.
173,Henrique Rocha,21.1,1603.9,,190,1531.4,150,1575.0,191,1496.7,,1637.6,2024-09,,158.0,0.09,Rocha H.
174,Felipe Meligeni Alves,27.2,1603.7,,229,1485.1,135,1600.5,118,1564.0,,1695.3,2023-10,,148.0,0.16,Alves F.
175,Adrian Mannarino,36.9,1603.5,,143,1588.0,236,1472.0,92,1601.2,,1896.3,2018-01,,128.0,0.31,Mannarino A.
176,Thiago Monteiro,30.9,1600.4,,162,1558.2,145,1586.6,187,1500.0,,1748.2,2024-05,,139.0,0.24,Monteiro T.
177,Maximilian Marterer,29.9,1598.6,,179,1537.6,144,1586.9,141,1540.1,,1815.1,2018-06,,263.0,-0.4,Marterer M.
178,Martin Landaluce,19.4,1592.4,,153,1573.3,189,1521.7,120,1562.2,,1741.8,2024-10,,147.0,0.19,Landaluce M.
179,Christopher Eubanks,29.0,1591.9,,160,1560.7,259,1448.9,104,1584.1,,1864.8,2023-07,,108.0,0.51,Eubanks C.
180,Alibek Kachmazov,22.7,1591.4,,156,1571.8,261,1446.9,132,1545.7,,1637.6,2025-04,,173.0,0.04,Kachmazov A.
181,Harold Mayot,23.3,1586.7,,166,1551.2,161,1557.2,160,1521.2,,1701.9,2024-06,,157.0,0.14,Mayot H.
182,J J Wolf,26.1,1586.4,,167,1551.2,171,1546.3,153,1528.8,,1847.7,2023-02,,404.0,-0.8,Wolf J.
183,Tristan Boyer,24.1,1585.4,,157,1570.3,174,1545.1,223,1473.7,,1753.1,2025-01,,117.0,0.45,Boyer T.
184,Elias Ymer,29.1,1585.3,,195,1522.4,159,1562.8,146,1535.5,,1751.8,2015-06,,255.0,-0.33,Ymer E.
185,Lukas Klein,27.2,1585.1,,154,1573.1,181,1535.7,140,1540.3,,1777.5,2024-03,,180.0,0.03,Klein L.
186,Thiago Agustin Tirante,24.1,1585.0,,163,1555.5,175,1543.3,188,1499.3,,1672.2,2021-09,,129.0,0.37,Tirante T.
187,Pavel Kotov,26.5,1583.4,,165,1552.3,167,1550.5,176,1509.3,,1797.1,2024-05,,213.0,-0.13,Kotov P.
188,Kyle Edmund,29.8,1582.6,,159,1563.7,152,1572.0,177,1508.4,,1952.7,2019-03,,476.0,-0.93,Edmund K.
189,Liam Draxl,23.4,1582.6,,164,1553.9,184,1527.0,200,1491.3,,1653.0,2025-03,,150.0,0.23,Draxl L.
190,Gustavo Heide,22.9,1581.7,,262,1454.0,154,1571.6,240,1460.3,,1661.1,2024-07,,229.0,-0.19,Heide G.
191,Lukas Neumayer,22.7,1581.1,,322,1390.9,158,1564.1,248,1457.5,,1600.2,2025-06,,170.0,0.12,Neumayer L.
192,Benjamin Hassan,30.3,1580.0,,193,1524.2,166,1552.0,231,1467.9,,1680.2,2023-10,,195.0,-0.02,Hassan B.
193,Albert Ramos,37.3,1577.2,,175,1539.0,180,1536.5,287,1433.8,,1889.0,2017-04,,212.0,-0.09,Ramos A.
194,Jaime Faria,21.8,1576.9,,210,1511.3,162,1557.0,249,1455.0,,1692.5,2024-05,,119.0,0.49,Faria J.
195,Constant Lestienne,33.0,1575.5,,174,1540.7,269,1439.5,219,1476.7,,1781.3,2023-01,,188.0,0.04,Lestienne C.
196,Hady Habib,26.8,1575.3,,181,1536.7,182,1528.5,183,1503.2,,1625.0,2025-05,,163.0,0.18,Habib H.
197,Arthur Bouquier,24.4,1574.2,,141,1592.0,351,1367.0,207,1487.1,,1732.0,2025-03,,210.0,-0.06,Bouquier A.
198,Seong Chan Hong,27.2,1573.0,,171,1543.3,267,1444.7,346,1397.6,,1613.7,2024-04,,374.0,-0.64,Hong S.
199,James Trotter,25.8,1573.0,,173,1540.8,273,1435.7,220,1476.7,,1658.1,2025-01,,202.0,-0.01,Trotter J.
200,Mikhail Kukushkin,37.4,1571.6,,186,1533.8,177,1538.7,137,1542.4,,1864.2,2010-10,,191.0,0.05,Kukushkin M.
201,Ugo Blanchet,26.4,1570.6,,184,1534.1,164,1554.4,238,1463.1,,1659.4,2023-10,,179.0,0.12,Blanchet U.
202,Alex Bolt,32.4,1568.5,,194,1524.1,372,1349.3,114,1567.9,,1688.9,2019-03,,194.0,0.04,Bolt A.
203,Liam Broady,30.6,1566.1,,182,1535.1,250,1458.7,192,1496.4,,1757.4,2022-03,,595.0,-1.08,Broady L.
204,Chris Rodesch,23.8,1565.5,,226,1486.3,163,1554.9,259,1447.5,,1626.4,2025-05,,166.0,0.21,Rodesch C.
205,Federico Cina,18.1,1564.4,,176,1538.9,274,1435.1,212,1482.2,,1587.5,2025-06,,279.0,-0.31,Cina F.
206,Gregoire Barrere,31.2,1563.3,,180,1537.4,188,1524.1,139,1541.0,,1804.5,2020-02,,353.0,-0.54,Barrere G.
207,Ilia Simakin,21.5,1561.3,,188,1532.4,327,1390.7,214,1480.7,,1616.5,2025-05,,231.0,-0.11,Simakin I.
208,Clement Chidekh,23.9,1557.0,,178,1537.8,328,1390.1,216,1478.5,,1695.5,2024-03,,252.0,-0.19,Chidekh C.
209,Alexander Ritschard,31.0,1556.4,,246,1467.8,134,1601.1,210,1483.5,,1695.9,2024-07,,190.0,0.1,Ritschard A.
210,Jurij Rodionov,26.0,1554.8,,189,1532.1,221,1487.8,185,1500.7,,1702.1,2023-06,,206.0,0.02,Rodionov J.
211,Taro Daniel,32.3,1553.9,,169,1548.1,209,1499.9,230,1468.4,,1766.8,2023-04,,151.0,0.33,Daniel T.
212,Billy Harris,30.3,1550.7,,170,1545.7,291,1423.7,135,1543.0,,1711.4,2024-06,,113.0,0.63,Harris B.
213,Shintaro Mochizuki,22.0,1549.6,,203,1517.0,208,1501.3,162,1520.9,,1625.3,2024-06,,164.0,0.26,Mochizuki S.
214,Joris De Loore,31.3,1549.5,,177,1538.2,225,1481.7,225,1470.6,,1665.1,2016-10,,468.0,-0.78,Loore J.
215,Kimmer Coppejans,31.2,1549.4,,253,1461.5,187,1524.4,246,1458.2,,1697.0,2015-04,,237.0,-0.1,Coppejans K.
216,Dominic Stricker,22.7,1548.6,,201,1517.6,195,1512.4,159,1524.7,,1798.6,2021-06,,228.0,-0.05,Stricker D.
217,Clement Tabur,25.3,1547.0,,297,1412.3,190,1519.6,267,1443.0,,1565.2,2025-06,,217.0,0.0,Tabur C.
218,Norbert Gombos,34.8,1544.0,,204,1515.4,191,1518.7,252,1453.5,,1753.2,2020-11,,328.0,-0.41,Gombos N.
219,Dimitar Kuzmanov,31.8,1543.7,,191,1529.8,219,1490.7,234,1466.7,,1640.1,2021-05,,253.0,-0.14,Kuzmanov D.
220,Eliot Spizzirri,23.4,1543.1,,150,1578.4,247,1462.5,260,1447.2,,1714.6,2025-04,,118.0,0.62,Spizzirri E.
221,Radu Albot,35.5,1541.4,,209,1512.3,199,1510.2,142,1539.6,,1823.4,2019-05,,293.0,-0.28,Albot R.
222,Ricardas Berankis,34.9,1541.4,,218,1495.5,170,1547.0,166,1516.6,,1842.4,2011-02,,313.0,-0.34,Berankis R.
223,Mitchell Krueger,31.3,1537.0,,231,1484.6,214,1496.1,199,1492.2,,1653.6,2022-04,,165.0,0.3,Krueger M.
224,Vitaliy Sachko,27.9,1536.8,,267,1448.4,205,1505.0,288,1432.0,,1643.5,2023-07,,209.0,0.07,Sachko V.
225,Zachary Svajda,22.5,1535.5,,243,1470.5,281,1429.3,126,1556.4,,1769.0,2023-10,,197.0,0.13,Svajda Z.
226,Gijs Brouwer,29.1,1535.2,,236,1478.0,232,1476.6,173,1510.1,,1656.6,2023-04,,298.0,-0.28,Brouwer G.
227,Yasutaka Uchiyama,32.8,1533.7,,215,1501.8,336,1383.0,255,1451.6,,1727.5,2019-10,,205.0,0.1,Uchiyama Y.
228,Jack Pinnington Jones,22.1,1532.1,,282,1429.5,342,1376.0,123,1560.5,,1552.9,2025-06,,282.0,-0.21,Jones J.
229,Luka Pavlovic,25.1,1532.1,,387,1335.4,194,1512.6,236,1466.0,,1621.4,2025-04,,224.0,0.02,Pavlovic L.
230,Calvin Hemery,30.3,1530.0,,224,1486.8,215,1495.6,271,1441.8,,1651.1,2015-06,,172.0,0.29,Hemery C.
231,Alexis Galarneau,26.2,1529.3,,206,1513.7,292,1417.4,228,1469.4,,1631.5,2024-04,,207.0,0.11,Galarneau A.
232,Timofey Skatov,24.3,1528.6,,227,1486.1,196,1511.9,226,1470.3,,1672.0,2024-07,,215.0,0.08,Skatov T.
233,Murphy Cassone,22.8,1528.5,,192,1524.7,350,1368.4,193,1496.4,,1684.9,2025-02,,192.0,0.19,Cassone M.
234,Stefano Napolitano,30.1,1528.1,,238,1475.0,207,1501.9,181,1503.8,,1662.1,2024-05,,667.0,-1.05,Napolitano S.
235,Nerman Fatic,30.6,1526.1,,272,1443.7,201,1507.5,213,1481.4,,1584.4,2023-07,,238.0,-0.01,Fatic N.
236,Hugo Grenier,29.2,1524.8,,216,1500.5,300,1414.0,211,1483.5,,1734.0,2022-09,,178.0,0.28,Grenier H.
237,Denis Kudla,32.2,1523.8,,214,1506.0,241,1468.3,164,1518.8,,1784.4,2015-07,,696.0,-1.08,Kudla D.
238,Sho Shimabukuro,27.8,1522.8,,250,1464.2,253,1453.3,148,1533.3,,1692.5,2023-09,,189.0,0.23,Shimabukuro S.
239,Marko Topo,21.7,1520.8,,271,1444.5,203,1507.0,227,1469.6,,1663.9,2022-04,,276.0,-0.14,Topo M.
240,Gauthier Onclin,24.2,1520.1,,237,1476.2,218,1492.7,224,1472.0,,1591.3,2023-07,,201.0,0.18,Onclin G.
241,Li Tu,29.0,1519.5,,232,1484.2,280,1432.1,168,1515.2,,1633.5,2022-10,,169.0,0.35,Tu L.
242,Coleman Wong,21.0,1516.8,,198,1520.5,316,1402.4,263,1445.6,,1666.1,2024-09,,174.0,0.33,Wong C.
243,Juan Pablo Varillas,29.5,1515.8,,311,1398.0,200,1508.7,370,1386.0,,1730.0,2021-10,,247.0,-0.02,Varillas J.
244,Andres Martin,23.8,1514.2,,225,1486.8,235,1473.4,178,1507.1,,1603.6,2022-07,,354.0,-0.37,Martin A.
245,Daniel Rincon,22.4,1513.9,,219,1494.2,237,1471.0,369,1386.1,,1613.8,2023-09,,216.0,0.13,Rincon D.
246,Geoffrey Blancaneaux,26.8,1513.0,,254,1461.5,222,1486.4,325,1410.2,,1591.5,2023-05,,274.0,-0.11,Blancaneaux G.
247,Martin Klizan,35.8,1512.8,,233,1481.7,204,1506.9,345,1397.9,,1897.2,2015-01,,412.0,-0.51,Klizan M.
248,Sumit Nagal,27.8,1511.9,,221,1491.1,210,1498.0,323,1410.8,,1745.2,2019-09,,300.0,-0.19,Nagal S.
249,Jan Choinski,28.9,1511.7,,263,1452.4,212,1496.6,417,1360.6,,1632.0,2023-08,,208.0,0.18,Choinski J.
250,Andrea Collarini,33.3,1511.0,,368,1352.2,217,1493.6,378,1381.5,,1572.5,2019-09,,226.0,0.1,Collarini A.
251,Federico Arnaboldi,24.9,1508.3,,342,1377.2,228,1479.1,251,1454.2,,1623.0,2024-08,,185.0,0.31,Arnaboldi F.
252,Javier Barranco Cosano,26.5,1508.2,,258,1458.5,244,1464.9,247,1458.1,,1581.0,2024-07,,319.0,-0.24,Cosano J.
253,Eliakim Coulibaly,23.0,1504.5,,223,1488.0,317,1401.1,254,1452.2,,1537.1,2025-05,,280.0,-0.1,Coulibaly E.
254,Dennis Novak,31.5,1503.6,,228,1485.6,227,1479.7,131,1548.0,,1758.9,2019-11,,432.0,-0.53,Novak D.
255,Rei Sakamoto,18.9,1501.6,,242,1471.6,360,1356.6,256,1450.8,,1612.5,2024-12,,294.0,-0.14,Sakamoto R.
256,Philip Sekulic,21.2,1498.8,,235,1480.2,391,1328.2,321,1411.2,,1533.1,2024-07,,482.0,-0.63,Sekulic P.
257,Ivan Gakhov,28.5,1496.7,,369,1349.9,233,1476.0,312,1419.9,,1659.6,2023-05,,268.0,-0.04,Gakhov I.
258,Jozef Kovalik,32.5,1496.4,,281,1433.0,216,1495.6,405,1367.5,,1721.8,2018-07,,381.0,-0.39,Kovalik J.
259,Yu Hsiou Hsu,26.1,1496.3,,248,1467.3,318,1400.0,438,1349.6,,1648.0,2023-11,,242.0,0.07,Hsu Y.
260,Joao Lucas Reis Da Silva,25.2,1496.2,,309,1401.8,231,1478.6,258,1448.1,,1516.6,2022-10,,266.0,-0.02,Silva J.
261,Dmitry Popko,28.5,1496.1,,220,1492.9,282,1428.5,354,1392.7,,1631.7,2020-01,,181.0,0.37,Popko D.
262,Alejandro Moro Canas,24.5,1495.8,,222,1489.0,262,1446.8,174,1509.5,,1673.5,2024-07,,214.0,0.2,Canas A.
263,Juan Pablo Ficovich,28.3,1495.3,,283,1428.6,220,1488.5,297,1427.7,,1597.4,2020-10,,156.0,0.52,Ficovich J.
264,Pedro Cachin,30.1,1494.6,,314,1396.9,211,1497.1,373,1383.9,,1767.7,2023-07,,486.0,-0.61,Cachin P.
265,Manuel Guinard,29.3,1493.8,,245,1469.3,264,1446.2,355,1392.7,,1664.3,2022-03,,422.0,-0.47,Guinard M.
266,Francesco Maestrelli,22.4,1493.8,,274,1435.3,245,1464.7,342,1402.1,,1711.4,2022-07,,254.0,0.05,Maestrelli F.
267,Sandro Kopp,24.9,1492.6,,351,1370.3,240,1469.4,262,1446.3,,1492.6,2025-04,,388.0,-0.37,Kopp S.
268,Marc Polmans,27.7,1490.0,,255,1461.1,275,1434.9,215,1480.7,,1618.1,2019-10,,392.0,-0.38,Polmans M.
269,Maxime Cressy,27.9,1489.2,,234,1481.3,341,1376.1,209,1485.0,,1836.1,2022-08,,452.0,-0.52,Cressy M.
270,Karue Sell,31.5,1488.7,,247,1467.4,278,1433.0,264,1444.4,,1529.3,2024-10,,284.0,-0.05,Sell K.
271,Duje Ajdukovic,24.3,1488.1,,213,1508.4,248,1462.1,388,1375.5,,1687.6,2024-09,,184.0,0.39,Ajdukovic D.
272,Stefano Travaglia,33.4,1486.9,,241,1471.6,246,1463.4,324,1410.4,,1793.8,2021-02,,304.0,-0.11,Travaglia S.
273,Maks Kasnikowski,21.6,1485.4,,286,1425.2,202,1507.0,198,1492.7,,1652.1,2024-06,,318.0,-0.15,Kasnikowski M.
274,Federico Agustin Gomez,28.4,1484.9,,320,1392.5,230,1478.7,269,1442.5,,1668.6,2024-09,,134.0,0.72,Gomez F.
275,Bernabe Zapata Miralles,28.3,1483.1,,288,1421.3,239,1469.4,245,1458.5,,1779.9,2023-05,,360.0,-0.27,Miralles B.
276,Andrew Paulson,22.8,1482.3,,349,1370.8,257,1449.8,272,1441.2,,1560.3,2024-08,,568.0,-0.72,Paulson A.
277,Bernard Tomic,32.6,1480.9,,268,1447.1,290,1424.8,202,1489.9,,1947.4,2015-03,,243.0,0.13,Tomic B.
278,Marat Sharipov,22.6,1480.6,,244,1469.4,352,1366.4,274,1440.3,,1613.9,2025-02,,260.0,0.07,Sharipov M.
279,Mili Poljicak,20.8,1479.2,,420,1300.7,229,1479.1,340,1403.7,,1508.5,2025-05,,265.0,0.05,Poljicak M.
280,Matheus Pucinelli De Almeida,24.1,1478.8,,390,1331.1,238,1470.8,275,1440.2,,1650.0,2022-03,,286.0,-0.02,Almeida M.
281,Rio Noguchi,26.4,1478.4,,270,1444.9,427,1286.8,352,1394.2,,1516.0,2022-10,,221.0,0.24,Noguchi R.
282,Gastao Elias,34.4,1477.4,,261,1457.0,263,1446.3,364,1387.1,,1737.5,2016-08,,317.0,-0.12,Elias G.
283,Daniel Merida Aguilar,20.7,1476.6,,434,1280.5,223,1484.0,278,1438.3,,1496.0,2025-06,,250.0,0.12,Aguilar D.
284,Max Hans Rehberg,21.6,1476.0,,260,1457.7,322,1393.7,398,1370.9,,1575.0,2025-02,,269.0,0.05,Rehberg M.
285,Andres Andrade,26.4,1475.9,,284,1425.5,255,1451.3,279,1437.9,,1584.8,2024-08,,281.0,0.01,Andrade A.
286,Beibit Zhukayev,24.6,1475.6,,256,1460.8,378,1341.0,197,1492.9,,1640.2,2023-11,,244.0,0.16,Zhukayev B.
287,Gabriel Debru,19.1,1475.4,,375,1342.3,226,1480.6,280,1437.7,,1596.1,2023-08,,258.0,0.11,Debru G.
288,Nicolai Budkov Kjaer,18.7,1474.4,,211,1509.6,304,1409.5,206,1487.2,,1625.3,2025-02,,307.0,-0.06,Kjaer N.
289,Jie Cui,27.2,1473.0,,269,1446.9,420,1294.4,283,1436.5,,1491.5,2025-05,,296.0,-0.02,Cui J.
290,Alex Barrena,22.5,1473.0,,372,1346.5,249,1460.0,282,1436.5,,1513.6,2025-04,,326.0,-0.12,Barrena A.
291,Lautaro Midon,21.1,1472.4,,380,1338.7,243,1466.9,284,1436.2,,1498.4,2025-06,,285.0,0.02,Midon L.
292,Stefan Kozlov,27.3,1471.6,,292,1418.9,258,1449.0,253,1452.7,,1724.4,2022-02,,365.0,-0.22,Kozlov S.
293,Enzo Couacaud,30.0,1471.4,,266,1448.6,251,1458.0,222,1474.8,,1647.1,2020-02,,454.0,-0.44,Couacaud E.
294,Hazem Naw,24.7,1470.7,,251,1461.9,321,1393.7,208,1485.3,,1633.7,2024-02,,582.0,-0.68,Naw H.
295,Jiri Vesely,31.6,1467.8,,259,1457.8,271,1437.6,171,1511.6,,1891.6,2014-06,,544.0,-0.61,Vesely J.
296,Andrej Martin,35.7,1467.3,,348,1371.4,270,1438.2,443,1346.0,,1674.7,2014-08,,309.0,-0.04,Martin A.
297,Marco Cecchinato,32.6,1465.2,,319,1392.6,266,1445.7,375,1382.9,,1838.6,2018-07,,396.0,-0.29,Cecchinato M.
298,Cezar Cretu,23.9,1463.6,,295,1417.3,296,1416.1,289,1431.8,,1526.0,2024-09,,330.0,-0.1,Cretu C.
299,Laurent Lokoli,29.9,1463.4,,301,1409.7,242,1467.2,237,1465.0,,1608.2,2023-07,,397.0,-0.28,Lokoli L.
300,Nicolas Mejia,25.2,1462.6,,339,1379.7,234,1474.3,290,1431.3,,1536.3,2021-07,,245.0,0.2,Mejia N.
301,Gianluca Mager,30.4,1462.0,,304,1406.3,256,1450.4,304,1424.5,,1733.2,2022-01,,431.0,-0.36,Mager G.
302,Stuart Parker,27.8,1459.7,,265,1449.6,381,1339.8,458,1337.5,,1524.1,2025-03,,443.0,-0.38,Parker S.
303,Jacopo Berrettini,26.4,1459.4,,331,1385.2,276,1434.9,294,1429.7,,1592.3,2024-05,,327.0,-0.08,Berrettini J.
304,Yuta Shimizu,25.9,1459.0,,280,1433.6,403,1315.5,239,1461.9,,1590.8,2024-05,,220.0,0.32,Shimizu Y.
305,Arthur Gea,20.4,1457.5,,325,1390.1,272,1435.8,296,1428.7,,1501.7,2025-02,,291.0,0.05,Gea A.
306,Egor Gerasimov,32.5,1456.7,,276,1434.8,295,1416.7,403,1368.6,,1802.1,2020-03,,531.0,-0.55,Gerasimov E.
307,Johannus Monday,23.3,1455.7,,287,1421.8,384,1337.8,351,1394.4,,1551.9,2025-02,,232.0,0.28,Monday J.
308,Tung Lin Wu,27.0,1455.2,,290,1420.5,265,1445.7,366,1387.0,,1605.0,2023-04,,277.0,0.11,Wu T.
309,Matteo Martineau,26.3,1454.8,,252,1461.8,373,1345.9,292,1430.4,,1624.5,2024-02,,292.0,0.06,Martineau M.
310,Ryan Peniston,29.5,1454.2,,278,1434.3,356,1363.1,295,1428.9,,1723.2,2022-06,,271.0,0.13,Peniston R.
311,Khumoun Sultanov,26.5,1453.9,,264,1451.4,405,1315.1,281,1437.7,,1553.9,2025-02,,,,Sultanov K.
312,Robert Strombachs,25.6,1452.9,,275,1435.0,331,1389.3,301,1426.4,,1479.9,2025-05,,322.0,-0.03,Strombachs R.
313,Mees Rottgering,17.9,1452.2,,296,1412.9,254,1451.4,243,1459.5,,1486.4,2025-02,,648.0,-0.73,Rottgering M.
314,Patrick Zahraj,25.8,1451.4,,240,1472.8,374,1344.8,318,1414.6,,1596.7,2025-03,,278.0,0.12,Zahraj P.
315,Facundo Mena,32.7,1450.9,,364,1358.9,283,1427.9,320,1412.5,,1616.9,2019-09,,211.0,0.4,Mena F.
316,Omar Jasika,28.0,1449.9,,277,1434.8,394,1321.9,448,1343.4,,1669.1,2017-02,,203.0,0.44,Jasika O.
317,Santiago Fa Rodriguez Taverna,25.9,1447.6,,354,1368.4,260,1448.8,302,1426.2,,1672.6,2022-01,,193.0,0.5,Taverna S.
318,Inaki Montes De La Torre,22.5,1446.6,,312,1397.6,298,1415.3,306,1423.3,,1529.0,2025-02,,438.0,-0.32,Torre I.
319,Alvaro Guillen Meza,22.4,1446.5,,448,1263.8,268,1444.5,307,1423.2,,1545.7,2023-11,,177.0,0.59,Meza A.
320,James Mccabe,21.9,1446.2,,273,1440.9,428,1286.5,293,1430.1,,1584.1,2025-03,,183.0,0.56,Mccabe J.
321,Genaro Alberto Olivieri,26.8,1445.8,,386,1336.0,277,1434.3,439,1347.9,,1585.6,2023-07,,290.0,0.1,Olivieri G.
322,Jay Clarke,26.8,1445.2,,340,1379.7,279,1432.4,424,1357.1,,1617.4,2018-07,,196.0,0.5,Clarke J.
323,Joel Schwaerzler,19.3,1443.2,,389,1333.0,297,1415.8,308,1421.6,,1621.9,2024-05,,447.0,-0.32,Schwaerzler J.
324,Christoph Negritu,31.2,1441.4,,285,1425.5,338,1380.8,309,1420.7,,1540.2,2024-11,,288.0,0.12,Negritu C.
325,Pol Martin Tiffon,25.8,1440.9,,323,1390.9,310,1407.3,310,1420.5,,1512.6,2025-03,,204.0,0.47,Tiffon P.
326,Enrico Dalla Valle,27.1,1440.6,,371,1349.2,289,1424.9,311,1420.3,,1543.6,2024-07,,315.0,0.03,Valle E.
327,Michael Geerts,30.3,1440.1,,303,1407.7,313,1403.8,414,1363.7,,1540.6,2023-03,,275.0,0.17,Geerts M.
328,Alex Rybakov,28.3,1439.6,,306,1404.5,339,1380.7,273,1440.9,,1516.5,2022-07,,387.0,-0.17,Rybakov A.
329,Aziz Dougaz,28.1,1439.3,,305,1404.7,288,1426.0,336,1405.3,,1555.3,2020-02,,239.0,0.32,Dougaz A.
330,Oliver Crawford,26.1,1438.3,,352,1370.0,340,1377.6,257,1450.3,,1580.7,2023-10,,248.0,0.29,Crawford O.
331,Filip Cristian Jianu,23.7,1438.3,,391,1331.0,285,1426.3,277,1440.0,,1578.5,2019-09,,222.0,0.4,Jianu F.
332,Maximus Jones,20.7,1437.4,,279,1433.8,370,1350.8,313,1418.7,,1524.4,2025-04,,401.0,-0.19,Jones M.
333,Antoine Escoffier,33.2,1436.9,,300,1410.2,452,1259.0,358,1391.4,,1628.4,2023-03,,233.0,0.36,Escoffier A.
334,Oriol Roca Batalla,32.1,1436.4,,345,1373.2,301,1413.2,381,1379.4,,1554.6,2024-06,,346.0,-0.04,Batalla O.
335,Murkel Alejandro Dellien Velasco,27.6,1435.0,,338,1380.6,302,1411.6,299,1427.6,,1602.5,2022-01,,223.0,0.41,Velasco M.
336,Jakub Nicod,20.1,1434.2,,403,1318.2,287,1426.2,314,1417.1,,1506.7,2024-09,,551.0,-0.49,Nicod J.
337,Maxim Mrva,17.8,1433.1,,239,1473.9,308,1407.5,235,1466.6,,1619.4,2025-03,,558.0,-0.5,Mrva M.
338,Adrian Andreev,23.8,1432.0,,328,1387.6,284,1427.5,427,1356.0,,1642.9,2023-01,,329.0,0.03,Andreev A.
339,Hernan Casanova,31.3,1432.0,,432,1282.3,293,1417.2,371,1385.2,,1474.0,2022-09,,487.0,-0.36,Casanova H.
340,Nick Hardt,24.5,1430.7,,308,1403.0,305,1409.2,315,1417.1,,1619.6,2024-05,,593.0,-0.56,Hardt N.
341,Franco Agamenone,32.0,1430.7,,388,1335.0,294,1417.1,447,1344.3,,1707.6,2021-10,,417.0,-0.2,Agamenone F.
342,Denis Yevseyev,32.0,1430.3,,329,1387.3,303,1409.8,303,1425.1,,1565.7,2024-01,,270.0,0.24,Yevseyev D.
343,Fajing Sun,28.6,1429.8,,302,1409.7,461,1246.5,316,1414.9,,1456.5,2025-05,,246.0,0.33,Sun F.
344,Sascha Gueymard Wayenburg,21.8,1429.7,,294,1417.7,406,1312.1,317,1414.9,,1563.9,2025-01,,262.0,0.27,Wayenburg S.
345,Matej Dodig,19.8,1428.5,,365,1357.8,315,1403.4,319,1414.2,,1601.7,2024-09,,361.0,-0.05,Dodig M.
346,Viktor Durasovic,28.2,1425.9,,293,1417.8,369,1350.9,384,1378.6,,1494.2,2025-02,,236.0,0.38,Durasovic V.
347,Henry Searle,19.1,1425.7,,324,1390.9,388,1330.9,343,1399.9,,1448.8,2025-03,,445.0,-0.25,Searle H.
348,Goncalo Oliveira,29.8,1424.7,,343,1376.7,323,1393.5,395,1373.8,,1441.2,2024-11,,289.0,0.19,Oliveira G.
349,Alexey Vatutin,32.6,1424.4,,313,1397.6,348,1368.7,387,1376.1,,1637.3,2018-04,,335.0,0.04,Vatutin A.
350,Zdenek Kolar,28.5,1423.8,,310,1398.8,312,1404.7,329,1408.5,,1621.1,2021-09,,453.0,-0.26,Kolar Z.
351,Edas Butvilas,20.8,1421.8,,249,1466.0,366,1353.9,298,1427.7,,1672.0,2024-09,,241.0,0.38,Butvilas E.
352,Samuel Vincent Ruggeri,22.6,1421.8,,358,1365.0,334,1386.6,322,1410.9,,1525.8,2024-06,,455.0,-0.26,Ruggeri S.
353,August Holmgren,27.0,1420.3,,327,1389.4,364,1355.5,241,1460.2,,1677.9,2021-09,,187.0,0.64,Holmgren A.
354,Hynek Barton,21.1,1419.9,,299,1411.5,367,1353.7,327,1409.9,,1498.9,2025-02,,342.0,0.03,Barton H.
355,Rodrigo Pacheco Mendez,20.1,1419.9,,361,1360.7,333,1387.7,326,1410.0,,1461.5,2024-06,,259.0,0.32,Mendez R.
356,Yan Bai,35.6,1419.0,,334,1383.7,353,1366.1,372,1384.3,,1494.4,2015-11,,227.0,0.45,Bai Y.
357,Patrick Maloney,25.2,1418.5,,373,1345.7,345,1370.9,328,1409.2,,1449.5,2025-05,,337.0,0.06,Maloney P.
358,Frederico Ferreira Silva,29.8,1418.1,,337,1382.3,326,1391.2,291,1431.3,,1642.4,2021-05,,261.0,0.32,Silva F.
359,Daniel Masur,30.4,1417.3,,335,1382.7,320,1398.9,339,1404.2,,1621.9,2021-03,,458.0,-0.24,Masur D.
360,Henri Squire,24.6,1416.7,,330,1385.4,309,1407.4,471,1321.8,,1670.0,2024-06,,357.0,0.01,Squire H.
361,Giovanni Fonio,26.9,1415.6,,307,1403.5,346,1370.0,330,1407.8,,1566.9,2023-02,,376.0,-0.04,Fonio G.
362,Nicolas Kicker,32.7,1414.1,,347,1371.9,299,1415.0,425,1356.6,,1706.2,2018-05,,393.0,-0.08,Kicker N.
363,Abedallah Shelbayh,21.5,1413.8,,298,1412.1,363,1355.6,305,1424.5,,1648.2,2024-02,,338.0,0.07,Shelbayh A.
364,Andre Ilagan,24.4,1413.6,,333,1384.4,402,1316.8,331,1406.8,,1472.7,2025-02,,367.0,-0.01,Ilagan A.
365,Remy Bertola,26.7,1413.6,,356,1365.6,368,1353.3,332,1406.8,,1461.8,2022-10,,325.0,0.12,Bertola R.
366,Alfredo Perez,27.9,1412.7,,413,1309.3,319,1399.5,333,1406.4,,1425.5,2025-04,,386.0,-0.05,Perez A.
367,Alex Martinez,24.0,1411.9,,316,1396.1,408,1311.2,334,1406.0,,1501.5,2024-07,,519.0,-0.35,Martinez A.
368,Rudolf Molleker,24.4,1411.9,,370,1349.3,306,1409.2,390,1375.2,,1712.9,2019-06,,363.0,0.01,Molleker R.
369,Paul Jubb,25.6,1411.3,,321,1391.3,389,1330.8,265,1444.2,,1632.1,2022-03,,264.0,0.33,Jubb P.
370,David Jorda Sanchis,30.2,1410.9,,381,1338.4,330,1389.4,407,1366.6,,1531.3,2023-07,,514.0,-0.33,Sanchis D.
371,Saba Purtseladze,23.8,1410.2,,318,1393.3,439,1273.4,337,1405.1,,1466.8,2025-05,,249.0,0.4,Purtseladze S.
372,Gonzalo Bueno,21.1,1410.1,,458,1241.6,329,1389.4,338,1405.1,,1518.7,2024-04,,310.0,0.18,Bueno G.
373,Mats Rosenkranz,26.6,1409.9,,326,1389.9,432,1283.6,386,1376.6,,1477.6,2024-11,,364.0,0.02,Rosenkranz M.
374,Benoit Paire,35.9,1406.9,,346,1372.6,286,1426.3,286,1434.5,,1909.0,2013-05,,503.0,-0.3,Paire B.
375,Giles Hussey,28.0,1400.2,,353,1370.0,410,1310.1,396,1371.8,,1422.5,2025-04,,379.0,-0.01,Hussey G.
376,Jonas Forejtek,24.2,1400.2,,383,1337.6,325,1392.2,374,1383.1,,1614.5,2022-05,,588.0,-0.45,Forejtek J.
377,Lorenzo Giustino,33.7,1396.5,,377,1341.0,335,1383.6,476,1304.0,,1643.8,2019-06,,295.0,0.25,Giustino L.
378,Antoine Cornut Chauvinc,24.8,1396.2,,341,1377.6,398,1319.1,344,1398.1,,1453.0,2025-01,,540.0,-0.36,Chauvinc A.
379,Mathys Erhard,23.5,1394.6,,416,1304.3,361,1356.5,347,1397.3,,1431.1,2025-05,,272.0,0.33,Erhard M.
380,Adolfo Daniel Vallejo,21.1,1394.1,,379,1339.4,349,1368.5,261,1447.1,,1524.2,2020-03,,240.0,0.46,Vallejo A.
381,Justin Engel,17.6,1392.6,,405,1317.0,417,1300.3,250,1454.6,,1451.7,2024-10,,235.0,0.48,Engel J.
382,Jakub Paul,26.0,1389.3,,357,1365.6,441,1270.4,350,1394.7,,1440.9,2025-03,,356.0,0.07,Paul J.
383,Maximilian Neuchrist,33.7,1388.6,,384,1337.4,343,1375.0,413,1363.8,,1549.9,2023-04,,413.0,-0.08,Neuchrist M.
384,Kilian Feldbausch,19.6,1387.3,,435,1278.2,355,1364.8,353,1393.7,,1499.1,2024-01,,469.0,-0.2,Feldbausch K.
385,Philip Henning,24.5,1385.7,,355,1367.2,371,1350.4,268,1442.9,,1559.8,2021-09,,398.0,-0.03,Henning P.
386,Ernesto Escobedo,28.5,1385.6,,350,1370.5,377,1342.2,463,1330.4,,1762.7,2017-04,,621.0,-0.48,Escobedo E.
387,Daniel Michalski,25.4,1384.9,,332,1384.8,357,1361.5,270,1442.5,,1590.8,2020-02,,301.0,0.25,Michalski D.
388,Gerard Campana Lee,20.6,1384.9,,378,1340.5,380,1340.2,356,1392.5,,1510.2,2023-07,,442.0,-0.13,Lee G.
389,Martin Damm,21.6,1384.5,,344,1375.3,451,1259.5,186,1500.4,,1767.9,1999-11,,550.0,-0.35,Damm M.
390,Orlando Luz,27.0,1384.2,,469,1213.8,337,1382.9,357,1392.1,,1519.9,2021-08,,651.0,-0.51,Luz O.
391,Raul Brancaccio,27.8,1381.5,,366,1357.1,354,1366.0,419,1360.3,,1644.9,2023-01,,355.0,0.1,Brancaccio R.
392,Gabi Adrian Boitan,25.7,1380.4,,398,1323.7,332,1389.2,276,1440.2,,1488.6,2022-03,,358.0,0.09,Boitan G.
393,Matias Soto,26.0,1379.7,,399,1323.0,362,1356.0,359,1389.8,,1461.2,2025-03,,257.0,0.42,Soto M.
394,Moez Echargui,32.3,1379.6,,374,1345.0,359,1356.8,360,1389.8,,1478.4,2023-08,,375.0,0.05,Echargui M.
395,Petr Bar Biryukov,23.2,1378.7,,363,1359.3,418,1299.3,361,1389.3,,1399.9,2025-05,,323.0,0.2,Biryukov P.
396,Jelle Sels,29.8,1376.7,,317,1395.1,386,1333.8,481,1284.6,,1640.8,2022-11,,324.0,0.2,Sels J.
397,Milos Karol,22.4,1374.2,,422,1297.3,358,1357.9,365,1387.1,,1385.5,2025-06,,372.0,0.07,Karol M.
398,Mika Brunold,20.6,1372.9,,367,1353.9,400,1318.9,367,1386.5,,1492.5,2023-03,,333.0,0.18,Brunold M.
399,Ramkumar Ramanathan,30.2,1371.4,,376,1341.5,347,1369.9,348,1397.0,,1622.0,2018-04,,627.0,-0.45,Ramanathan R.
400,Marvin Moeller,25.6,1369.7,,315,1396.5,379,1341.0,285,1434.8,,1567.7,2021-07,,507.0,-0.24,Moeller M.
401,Max Houkes,24.9,1367.5,,441,1274.5,365,1355.1,437,1349.8,,1481.3,2025-03,,256.0,0.45,Houkes M.
402,Blake Ellis,26.1,1365.6,,382,1338.1,422,1292.8,376,1382.8,,1490.7,2018-02,,308.0,0.27,Ellis B.
403,Michael Vrbensky,25.4,1365.1,,400,1319.7,375,1342.2,377,1382.5,,1576.5,2021-07,,461.0,-0.13,Vrbensky M.
404,Max Wiskandt,23.3,1363.4,,418,1302.3,393,1326.7,430,1354.5,,1454.0,2025-04,,418.0,-0.03,Wiskandt M.
405,Micah Braswell,23.2,1361.1,,396,1327.2,425,1290.6,379,1380.6,,1418.6,2025-01,,416.0,-0.03,Braswell M.
406,Corentin Denolly,28.0,1360.6,,415,1304.8,409,1310.4,406,1367.0,,1455.6,2025-03,,297.0,0.31,Denolly C.
407,Aidan Mayo,22.0,1360.3,,359,1362.9,442,1269.8,349,1395.4,,1541.1,2024-11,,314.0,0.26,Mayo A.
408,Hiroki Moriya,34.3,1359.9,,395,1327.7,453,1258.4,423,1357.2,,1584.0,2012-12,,465.0,-0.13,Moriya H.
409,Luka Mikrut,21.1,1359.2,,406,1316.0,392,1327.0,380,1379.6,,1544.9,2024-06,,384.0,0.06,Mikrut L.
410,Florent Bax,25.9,1357.6,,397,1326.8,401,1318.8,382,1378.8,,1449.1,2025-04,,369.0,0.11,Bax F.
411,Alexey Zakharov,24.7,1357.5,,426,1291.5,307,1408.1,383,1378.7,,1479.8,2024-07,,411.0,0.0,Zakharov A.
412,Tristan Lamasine,31.8,1356.2,,360,1362.7,411,1308.1,300,1427.2,,1641.8,2015-09,,533.0,-0.26,Lamasine T.
413,Sasi Kumar Mukund,28.3,1355.6,,393,1330.4,443,1266.0,451,1341.2,,1498.8,2019-02,,427.0,-0.03,Mukund S.
414,Nicolas Alvarez Varona,24.0,1354.5,,336,1382.6,415,1302.5,385,1377.3,,1526.2,2022-11,,305.0,0.31,Varona N.
415,Evgeny Karlovskiy,30.8,1353.3,,392,1330.7,387,1333.6,409,1366.2,,1560.3,2020-01,,425.0,-0.02,Karlovskiy E.
416,Jules Marie,33.3,1351.4,,412,1310.3,412,1306.9,454,1339.5,,1467.6,2024-02,,529.0,-0.24,Marie J.
417,Adria Soriano Barrera,25.9,1350.5,,385,1336.7,414,1303.1,389,1375.3,,1384.5,2023-06,,383.0,0.09,Barrera A.
418,Nikolas Sanchez Izquierdo,26.1,1349.8,,463,1230.6,383,1338.6,391,1374.9,,1517.8,2022-06,,341.0,0.2,Izquierdo N.
419,Juan Bautista Torres,23.1,1349.3,,437,1276.7,382,1338.7,392,1374.7,,1586.6,2022-07,,302.0,0.33,Torres J.
420,Diego Dedura Palomero,17.2,1349.2,,450,1257.7,376,1342.2,393,1374.6,,1360.5,2025-06,,362.0,0.15,Palomero D.
421,Ergi Kirkin,26.3,1346.7,,394,1328.3,390,1330.5,418,1360.4,,1516.7,2022-05,,449.0,-0.06,Kirkin E.
422,Govind Nanda,24.2,1342.3,,402,1318.3,430,1285.7,397,1371.1,,1501.0,2022-09,,370.0,0.13,Nanda G.
423,Toby Alex Kodat,22.4,1339.3,,424,1292.8,416,1301.5,399,1369.6,,1535.4,2024-05,,377.0,0.12,Kodat T.
424,Yi Zhou,20.1,1338.6,,401,1319.0,447,1261.1,400,1369.3,,1365.8,2024-02,,299.0,0.35,Zhou Y.
425,Carlos Sanchez Jover,24.8,1337.9,,454,1252.9,404,1315.5,401,1369.0,,1440.5,2023-09,,273.0,0.44,Jover C.
426,Lucas Poullain,29.5,1337.5,,408,1314.9,436,1277.3,402,1368.7,,1590.8,2023-10,,373.0,0.13,Poullain L.
427,Antoine Ghibaudo,20.0,1337.1,,404,1317.6,440,1272.5,404,1368.6,,1359.9,2024-11,,616.0,-0.37,Ghibaudo A.
428,Renzo Olivo,33.2,1333.2,,417,1304.3,407,1312.1,455,1338.4,,1643.4,2015-02,,306.0,0.34,Olivo R.
429,Juan Carlos Prado Angelo,20.1,1332.9,,440,1274.6,396,1319.4,408,1366.4,,1464.8,2024-11,,312.0,0.32,Angelo J.
430,Charles Broom,27.0,1331.9,,436,1277.8,437,1275.9,362,1389.3,,1536.4,2024-06,,439.0,-0.02,Broom C.
431,Pedro Sakamoto,31.9,1330.6,,433,1282.3,397,1319.4,410,1365.3,,1495.6,2019-05,,321.0,0.29,Sakamoto P.
432,Garrett Johns,24.3,1329.3,,411,1312.3,429,1286.2,411,1364.6,,1408.0,2025-03,,350.0,0.21,Johns G.
433,Tyler Zink,24.3,1329.2,,410,1313.3,438,1273.6,412,1364.6,,1379.8,2025-03,,316.0,0.31,Zink T.
434,Dan Added,26.0,1326.5,,414,1305.1,444,1265.5,415,1363.2,,1509.3,2023-03,,344.0,0.23,Added D.
435,Gonzalo Villanueva,30.4,1324.6,,468,1216.3,395,1320.0,416,1362.3,,1454.7,2022-05,,395.0,0.1,Villanueva G.
436,Daniel Dutra Da Silva,36.9,1321.3,,451,1255.1,423,1292.0,441,1346.8,,1519.5,2009-02,,343.0,0.24,Silva D.
437,Strong Kirchheimer,29.5,1320.6,,421,1298.6,471,1210.2,420,1360.3,,1390.2,2023-09,,632.0,-0.37,Kirchheimer S.
438,Marek Gengel,29.7,1319.4,,409,1313.6,470,1214.5,453,1341.1,,1505.8,2023-01,,251.0,0.56,Gengel M.
439,Dane Sweeny,23.9,1317.8,,423,1293.7,467,1224.1,477,1302.7,,1568.3,2024-02,,571.0,-0.26,Sweeny D.
440,Oleg Prihodko,27.6,1315.6,,425,1292.3,449,1260.4,422,1357.8,,1514.0,2021-12,,359.0,0.2,Prihodko O.
441,Maxime Janvier,28.6,1314.8,,443,1273.4,426,1289.5,368,1386.3,,1601.5,2019-09,,440.0,0.0,Janvier M.
442,Yusuke Takahashi,27.5,1312.1,,428,1288.8,431,1284.7,426,1356.1,,1451.5,2018-01,,423.0,0.04,Takahashi Y.
443,Lukas Pokorny,23.2,1310.5,,419,1300.8,446,1262.6,428,1355.3,,1435.5,2025-05,,389.0,0.13,Pokorny L.
444,Aleksandre Bakshi,27.8,1307.3,,431,1283.0,314,1403.6,341,1403.6,,1613.0,2024-07,,549.0,-0.21,Bakshi A.
445,Tom Paris,22.7,1305.8,,407,1315.8,469,1218.2,431,1352.9,,1404.4,2025-03,,408.0,0.09,Paris T.
446,Neil Oberleitner,25.7,1305.2,,457,1242.9,419,1298.8,432,1352.6,,1378.0,2024-07,,410.0,0.08,Oberleitner N.
447,Oleksandr Ovcharenko,23.4,1301.1,,439,1274.7,445,1264.3,434,1350.5,,1385.7,2025-02,,334.0,0.29,Ovcharenko O.
448,Ryan Seggerman,25.7,1301.1,,452,1254.6,385,1333.9,433,1350.6,,1512.4,2024-08,,483.0,-0.08,Seggerman R.
449,Robin Bertrand,22.1,1300.7,,427,1289.0,457,1253.2,435,1350.4,,1540.9,2024-07,,380.0,0.17,Bertrand R.
450,Guido Ivan Justo,27.3,1300.1,,460,1235.7,421,1293.3,436,1350.1,,1319.7,2025-04,,394.0,0.13,Justo G.
451,Christian Langmo,28.9,1294.6,,438,1275.3,480,1165.9,440,1347.3,,1411.8,2023-04,,345.0,0.27,Langmo C.
452,Kaichi Uchida,30.7,1292.5,,447,1266.7,434,1279.7,421,1358.9,,1571.8,2023-02,,473.0,-0.05,Uchida K.
453,Conner Huertas Del Pino,29.4,1292.1,,429,1288.6,450,1260.2,442,1346.1,,1354.2,2025-04,,541.0,-0.18,Pino C.
454,Mariano Kestelboim,29.3,1291.9,,467,1217.4,424,1291.7,444,1346.0,,1312.1,2025-06,,415.0,0.09,Kestelboim M.
455,Pedro Boscardin Dias,22.3,1291.1,,477,1183.5,433,1283.3,445,1345.6,,1424.7,2022-05,,390.0,0.15,Dias P.
456,Sebastian Fanselow,33.0,1286.6,,444,1271.2,455,1256.7,468,1325.7,,1540.8,2019-01,,762.0,-0.51,Fanselow S.
457,Masamichi Imamura,26.5,1283.5,,449,1263.1,459,1251.7,449,1341.7,,1394.5,2024-11,,340.0,0.3,Imamura M.
458,Keegan Smith,26.6,1283.2,,455,1250.6,478,1184.7,450,1341.6,,1403.9,2021-12,,497.0,-0.08,Smith K.
459,Mateus Alves,24.2,1282.4,,472,1195.1,435,1279.2,452,1341.2,,1422.1,2024-11,,320.0,0.36,Alves M.
460,Roberto Cid,31.6,1282.1,,430,1285.3,460,1250.6,446,1345.4,,1621.4,2018-06,,366.0,0.23,Cid R.
461,Franco Roncadelli,25.3,1276.6,,465,1224.4,448,1261.1,456,1338.3,,1395.8,2024-09,,352.0,0.27,Roncadelli F.
462,Naoki Nakagawa,28.5,1276.5,,446,1268.0,482,1142.5,457,1338.3,,1327.7,2024-09,,332.0,0.33,Nakagawa N.
463,Rigele Te,27.5,1269.6,,462,1231.4,413,1306.0,459,1334.8,,1331.9,2024-05,,537.0,-0.15,Te R.
464,Moerani Bouzige,25.8,1269.5,,456,1248.3,462,1244.7,460,1334.7,,1416.7,2024-12,,378.0,0.2,Bouzige M.
465,Maxime Chazal,32.0,1265.2,,478,1178.1,456,1256.1,461,1332.6,,1382.8,2015-09,,399.0,0.15,Chazal M.
466,Pedro Araujo,23.1,1263.7,,453,1253.1,474,1202.2,462,1331.8,,1307.5,2025-01,,479.0,-0.03,Araujo P.
467,Juan Alejandro Hernandez Serrano,25.8,1260.4,,461,1234.0,472,1207.0,464,1330.2,,1291.9,2025-04,,490.0,-0.05,Serrano J.
468,Alex Marti Pujolras,26.3,1257.9,,445,1270.5,466,1227.6,465,1329.0,,1359.7,2023-04,,339.0,0.32,Pujolras A.
469,Valerio Aboian,22.8,1257.6,,474,1188.7,454,1257.1,466,1328.8,,1355.1,2024-04,,430.0,0.09,Aboian V.
470,Jose Pereira,34.2,1254.0,,464,1225.1,464,1241.4,467,1327.0,,1354.7,2022-04,,589.0,-0.23,Pereira J.
471,Petr Nesterov,22.0,1250.6,,442,1274.2,468,1223.1,469,1325.3,,1421.9,2024-08,,456.0,0.03,Nesterov P.
472,Kris Van Wyk,28.6,1249.2,,459,1238.2,344,1374.6,394,1374.6,,1448.8,2024-10,,400.0,0.17,Wyk K.
473,Luciano Emanuel Ambrogi,21.5,1235.0,,479,1168.6,463,1243.6,472,1317.5,,1410.3,2024-09,,347.0,0.31,Ambrogi L.
474,Miguel Damas,25.2,1225.6,,466,1218.9,476,1189.6,473,1312.8,,1310.3,2022-04,,419.0,0.12,Damas M.
475,Benjamin Lock,31.7,1221.0,,471,1200.7,473,1204.1,470,1324.4,,1579.9,2015-07,,414.0,0.14,Lock B.
476,Bruno Kuzuhara,21.1,1217.1,,475,1188.3,475,1200.1,474,1308.6,,1335.1,2024-07,,580.0,-0.2,Kuzuhara B.
477,Vadym Ursu,28.3,1213.5,,476,1187.5,481,1162.9,480,1285.7,,1255.5,2024-10,,462.0,0.03,Ursu V.
478,Karan Singh,21.8,1210.8,,480,1162.8,458,1252.3,475,1305.4,,1339.8,2025-02,,448.0,0.06,Singh K.
479,Kasidit Samrej,24.3,1209.7,,473,1193.7,399,1319.0,429,1354.8,,1424.3,2019-04,,391.0,0.2,Samrej K.
480,Andrea Picchione,27.0,1201.4,,470,1205.0,477,1185.6,478,1300.7,,1366.1,2024-04,,435.0,0.1,Picchione A.
481,Alexis Gautier,27.7,1191.5,,483,1127.5,465,1241.3,479,1295.8,,1509.5,2021-10,,772.0,-0.47,Gautier A.
482,Kiranpal Pannu,28.3,1151.5,,481,1147.4,484,1127.2,482,1275.7,,1371.7,2024-02,,662.0,-0.32,Pannu K.
483,Matthew Dellavedova,25.0,1146.4,,482,1135.6,483,1136.4,483,1273.2,,1201.5,2024-01,,403.0,0.18,Dellavedova M.
484,Ajeet Rai,26.0,1122.9,,484,1096.4,479,1171.4,484,1261.4,,1293.8,2019-09,,474.0,0.02,Rai A.
