Elo Rank,Player,Age,Elo,Unnamed: 4,hElo Rank,hElo,cElo Rank,cElo,gElo Rank,gElo,Unnamed: 11,Peak Elo,Peak Month,Unnamed: 14,WTA Rank,Log diff,NormName
1,Aryna Sabalenka,27.0,2202.2,,1,2143.8,1,2120.4,1,1958.4,,2214.1,2025-05,,1,0.0,Sabalenka A.
2,Coco Gauff,21.2,2153.9,,4,2070.4,2,2084.5,2,1915.1,,2155.7,2024-01,,2,0.0,Gauff C.
3,Iga Swiatek,23.9,2133.0,,2,2088.3,3,2065.8,3,1860.0,,2291.0,2024-07,,8,-0.98,Swiatek I.
4,Mirra Andreeva,18.0,2091.4,,3,2073.7,5,1972.9,11,1792.6,,2159.2,2025-03,,7,-0.56,Andreeva M.
5,Qinwen Zheng,22.6,2053.8,,5,1993.9,4,1995.1,21,1743.4,,2098.3,2024-11,,4,0.22,Zheng Q.
6,Jasmine Paolini,29.3,2023.4,,9,1937.4,6,1948.8,4,1832.2,,2034.9,2025-05,,5,0.18,Paolini J.
7,Madison Keys,30.3,2022.4,,7,1961.6,9,1924.2,6,1832.0,,2090.1,2016-08,,6,0.15,Keys M.
8,Elina Svitolina,30.7,2006.3,,10,1925.5,7,1934.1,10,1806.6,,2120.6,2018-05,,14,-0.56,Svitolina E.
9,Jessica Pegula,31.2,2005.0,,6,1975.5,10,1864.8,8,1809.1,,2094.9,2024-01,,3,1.1,Pegula J.
10,Elena Rybakina,25.9,1998.5,,8,1952.8,8,1924.2,5,1832.1,,2155.6,2024-04,,11,-0.1,Rybakina E.
11,Paula Badosa,27.5,1942.9,,12,1897.6,11,1842.8,17,1760.1,,2078.1,2022-01,,10,0.1,Badosa P.
12,Amanda Anisimova,23.7,1935.3,,13,1895.8,21,1804.8,16,1760.3,,2013.4,2022-08,,13,-0.08,Anisimova A.
13,Elise Mertens,29.5,1933.3,,15,1870.4,13,1840.2,14,1769.1,,2042.7,2021-04,,24,-0.61,Mertens E.
14,Karolina Muchova,28.7,1930.2,,11,1913.6,26,1788.4,27,1723.1,,2029.1,2023-08,,15,-0.07,Muchova K.
15,Ekaterina Alexandrova,30.5,1928.3,,17,1853.3,14,1828.9,9,1807.7,,1977.2,2020-02,,18,-0.18,Alexandrova E.
16,Belinda Bencic,28.1,1916.7,,14,1881.8,40,1755.4,33,1708.3,,2100.0,2015-09,,35,-0.78,Bencic B.
17,Emma Raducanu,22.5,1913.3,,20,1850.3,23,1800.5,19,1745.0,,1998.0,2021-08,,36,-0.75,Raducanu E.
18,Marta Kostyuk,22.9,1908.6,,16,1858.9,18,1822.7,35,1701.7,,1986.1,2024-04,,26,-0.37,Kostyuk M.
19,Jelena Ostapenko,27.9,1900.0,,25,1827.6,12,1841.8,7,1814.7,,2029.5,2017-10,,19,0.0,Ostapenko J.
20,Diana Shnaider,21.1,1895.5,,27,1822.2,19,1822.4,12,1788.3,,1976.1,2024-08,,12,0.51,Shnaider D.
21,Peyton Stearns,23.6,1889.9,,38,1800.2,17,1824.4,82,1597.6,,1925.1,2025-05,,34,-0.48,Stearns P.
22,Sofia Kenin,26.5,1882.6,,31,1814.9,28,1788.1,38,1696.6,,2057.0,2020-02,,29,-0.28,Kenin S.
23,Olga Danilovic,24.3,1880.0,,48,1764.7,15,1826.5,57,1648.0,,1883.7,2025-05,,37,-0.48,Danilovic O.
24,Danielle Collins,31.4,1878.5,,34,1808.6,16,1825.8,44,1679.0,,2061.1,2024-05,,53,-0.79,Collins D.
25,Naomi Osaka,27.6,1875.6,,24,1827.8,32,1775.0,43,1679.6,,2193.3,2021-03,,57,-0.82,Osaka N.
26,Clara Tauson,22.4,1874.3,,19,1850.5,37,1765.7,94,1584.7,,1934.9,2022-01,,23,0.12,Tauson C.
27,Victoria Azarenka,35.8,1873.3,,21,1836.4,34,1768.3,29,1720.1,,2312.3,2013-03,,76,-1.03,Azarenka V.
28,Emma Navarro,24.0,1872.9,,18,1850.9,30,1779.0,18,1756.2,,2002.7,2024-08,,9,1.13,Navarro E.
29,Liudmila Samsonova,26.5,1872.5,,28,1820.6,25,1792.6,25,1731.7,,1984.3,2023-10,,20,0.37,Samsonova L.
30,Daria Kasatkina,28.0,1870.5,,29,1820.4,22,1801.5,13,1771.4,,2036.5,2018-03,,16,0.63,Kasatkina D.
31,Anastasia Potapova,24.1,1868.8,,33,1809.7,20,1810.0,46,1674.5,,1920.5,2023-06,,41,-0.28,Potapova A.
32,Ashlyn Krueger,21.0,1860.8,,23,1829.0,63,1716.5,41,1686.7,,1896.7,2025-02,,33,-0.03,Krueger A.
33,Katie Boulter,28.8,1853.8,,32,1812.7,52,1731.8,15,1763.3,,1894.3,2024-03,,39,-0.17,Boulter K.
34,Anna Kalinskaya,26.4,1853.2,,37,1800.3,51,1733.9,20,1743.7,,1948.6,2024-04,,28,0.19,Kalinskaya A.
35,Marketa Vondrousova,25.9,1845.2,,42,1783.0,39,1757.1,48,1672.6,,2062.5,2023-08,,164,-1.54,Vondrousova M.
36,Caroline Wozniacki,34.1,1844.9,,35,1805.1,56,1727.8,23,1737.0,,2255.1,2011-04,,136,-1.33,Wozniacki C.
37,Anastasia Pavlyuchenkova,33.8,1843.7,,30,1820.1,46,1745.6,61,1644.6,,2058.1,2011-05,,54,-0.38,Pavlyuchenkova A.
38,Linda Noskova,20.5,1842.0,,22,1832.7,66,1708.6,69,1624.5,,1946.1,2025-02,,32,0.17,Noskova L.
39,Veronika Kudermetova,28.1,1840.4,,43,1781.1,36,1766.7,24,1736.3,,1981.1,2023-05,,40,-0.03,Kudermetova V.
40,Lois Boisson,22.0,1839.4,,168,1563.3,24,1795.1,85,1594.7,,1846.4,2025-05,,67,-0.52,Boisson L.
41,Yulia Putintseva,30.4,1839.2,,41,1787.8,33,1768.7,30,1717.8,,1933.4,2025-01,,27,0.42,Putintseva Y.
42,Ons Jabeur,30.7,1837.8,,40,1790.9,41,1754.8,22,1739.6,,2110.5,2022-06,,61,-0.37,Jabeur O.
43,Tereza Valentova,18.2,1837.2,,44,1778.5,29,1782.7,86,1593.6,,1837.2,2025-06,,120,-1.03,Valentova T.
44,Maria Sakkari,29.8,1836.6,,36,1804.1,27,1788.3,51,1662.2,,2067.5,2022-03,,86,-0.67,Sakkari M.
45,Magda Linette,33.3,1834.3,,45,1776.8,35,1767.3,62,1644.5,,1866.6,2023-02,,31,0.37,Linette M.
46,Victoria Mboko,18.7,1827.7,,56,1742.4,50,1740.5,90,1588.9,,1827.7,2025-05,,95,-0.73,Mboko V.
47,Elena Gabriela Ruse,27.5,1818.0,,51,1753.9,54,1728.1,31,1716.1,,1845.7,2022-02,,58,-0.21,Ruse E.
48,Donna Vekic,28.9,1817.3,,49,1764.3,43,1746.6,26,1726.1,,1947.0,2019-08,,22,0.78,Vekic D.
49,Marie Bouzkova,26.8,1815.0,,47,1769.0,42,1748.8,53,1658.9,,1958.3,2022-10,,45,0.09,Bouzkova M.
50,Jaqueline Cristian,26.9,1812.8,,55,1747.4,47,1745.6,144,1511.6,,1816.5,2025-05,,51,-0.02,Cristian J.
51,Mccartney Kessler,25.9,1811.5,,26,1826.1,121,1599.6,70,1622.2,,1933.3,2025-03,,42,0.19,Kessler M.
52,Sorana Cirstea,35.0,1810.7,,39,1792.5,67,1706.5,68,1628.9,,1928.2,2009-08,,168,-1.17,Cirstea S.
53,Dayana Yastremska,25.0,1800.2,,53,1751.9,55,1728.1,63,1642.9,,1978.4,2019-02,,46,0.14,Yastremska D.
54,Maya Joint,19.1,1795.7,,61,1727.8,44,1746.5,99,1576.9,,1817.8,2025-05,,52,0.04,Joint M.
55,Iva Jovic,17.5,1795.0,,97,1658.6,79,1680.2,28,1720.6,,1795.0,2025-06,,89,-0.48,Jovic I.
56,Bianca Andreescu,24.9,1793.7,,52,1753.6,69,1699.5,49,1671.4,,2157.5,2019-09,,148,-0.97,Andreescu B.
57,Hailey Baptiste,23.5,1793.6,,65,1724.1,62,1718.5,102,1574.3,,1799.0,2025-05,,56,0.02,Baptiste H.
58,Sara Bejlek,19.3,1792.9,,103,1651.5,31,1777.2,149,1507.0,,1792.9,2025-06,,117,-0.7,Bejlek S.
59,Caroline Garcia,31.6,1788.4,,50,1753.9,48,1742.5,34,1707.6,,2044.8,2017-10,,165,-1.03,Garcia C.
60,Kaja Juvan,24.5,1787.4,,81,1690.8,45,1746.3,39,1694.2,,1825.6,2022-05,,239,-1.38,Juvan K.
61,Beatriz Haddad Maia,29.0,1783.5,,64,1726.2,49,1740.8,36,1699.5,,1945.0,2022-08,,21,1.07,Maia B.
62,Camila Osorio,23.4,1778.5,,62,1726.8,58,1724.1,55,1648.8,,1852.0,2023-06,,55,0.12,Osorio C.
63,Leylah Fernandez,22.7,1777.7,,46,1770.9,86,1661.7,47,1674.1,,1977.3,2022-03,,30,0.74,Fernandez L.
64,Katerina Siniakova,29.0,1774.5,,54,1751.2,80,1679.7,40,1688.4,,1950.5,2017-01,,74,-0.15,Siniakova K.
65,Jessica Bouzas Maneiro,22.6,1772.6,,92,1667.6,60,1722.7,66,1630.0,,1797.8,2024-04,,60,0.08,Maneiro J.
66,Sonay Kartal,23.6,1771.9,,63,1726.4,159,1551.3,52,1661.2,,1828.1,2024-10,,50,0.28,Kartal S.
67,Rebecca Sramkova,28.6,1771.2,,57,1733.1,85,1664.6,96,1580.8,,1821.7,2024-11,,38,0.57,Sramkova R.
68,Barbora Krejcikova,29.4,1767.3,,59,1730.8,96,1634.9,42,1680.1,,2054.4,2021-08,,17,1.39,Krejcikova B.
69,Eva Lys,23.3,1765.9,,70,1712.7,71,1695.9,83,1596.2,,1799.5,2025-03,,62,0.11,Lys E.
70,Magdalena Frech,27.4,1765.8,,67,1719.3,72,1694.7,73,1613.1,,1846.4,2024-10,,25,1.03,Frech M.
71,Moyuka Uchijima,23.7,1765.7,,78,1696.9,65,1711.8,122,1537.1,,1822.8,2025-04,,73,-0.03,Uchijima M.
72,Anca Alexia Todoni,20.6,1765.0,,124,1614.9,38,1759.0,64,1637.2,,1785.1,2025-01,,90,-0.22,Todoni A.
73,Rebeka Masarova,25.8,1761.8,,79,1696.4,64,1712.5,72,1615.6,,1817.5,2023-04,,112,-0.43,Masarova R.
74,Ajla Tomljanovic,32.0,1761.5,,71,1706.9,74,1691.6,32,1710.2,,1907.7,2022-08,,66,0.11,Tomljanovic A.
75,Anastasija Sevastova,35.1,1761.3,,74,1701.0,57,1725.4,54,1650.2,,1998.3,2018-10,,398,-1.67,Sevastova A.
76,Greet Minnen,27.8,1759.1,,73,1703.2,104,1619.3,37,1697.1,,1795.8,2020-02,,72,0.05,Minnen G.
77,Elina Avanesyan,22.6,1758.2,,60,1730.3,75,1690.6,67,1629.5,,1835.3,2024-08,,48,0.47,Avanesyan E.
78,Taylor Townsend,29.1,1755.3,,58,1732.1,78,1683.7,126,1527.9,,1840.9,2024-04,,97,-0.22,Townsend T.
79,Suzan Lamens,25.9,1746.9,,77,1697.2,105,1615.4,114,1543.7,,1795.2,2025-04,,70,0.12,Lamens S.
80,Anna Blinkova,26.7,1745.9,,69,1718.4,94,1641.3,65,1632.5,,1830.2,2019-10,,71,0.12,Blinkova A.
81,Ann Li,24.9,1744.7,,88,1670.8,70,1698.3,127,1527.9,,1894.4,2021-03,,65,0.22,Li A.
82,Lesia Tsurenko,35.4,1744.4,,72,1706.8,73,1693.0,50,1667.1,,1916.2,2019-01,,286,-1.25,Tsurenko L.
83,Viktorija Golubic,32.6,1741.7,,68,1718.5,124,1596.6,56,1648.2,,1836.2,2021-07,,80,0.04,Golubic V.
84,Caroline Dolehide,26.7,1741.0,,82,1688.4,88,1660.9,154,1501.9,,1747.7,2025-05,,64,0.27,Dolehide C.
85,Irina Camelia Begu,34.7,1741.0,,86,1672.1,61,1720.8,95,1584.0,,1931.2,2016-05,,119,-0.34,Begu I.
86,Mayar Sherif,29.0,1737.8,,173,1557.7,53,1730.4,111,1551.0,,1863.6,2023-06,,88,-0.02,Sherif M.
87,Xin Yu Wang,23.7,1732.7,,80,1695.7,95,1637.0,60,1645.9,,1834.8,2024-07,,49,0.57,Wang X.
88,Bernarda Pera,30.5,1727.9,,85,1673.3,76,1688.8,74,1611.2,,1843.1,2022-08,,78,0.12,Pera B.
89,Kimberly Birrell,27.1,1727.5,,66,1722.0,188,1514.8,75,1610.5,,1804.5,2025-03,,79,0.12,Birrell K.
90,Sloane Stephens,31.9,1725.2,,96,1659.5,59,1722.8,76,1610.4,,2028.2,2017-08,,404,-1.5,Stephens S.
91,Varvara Gracheva,24.8,1724.5,,95,1661.6,89,1657.8,107,1562.3,,1819.8,2019-10,,111,-0.2,Gracheva V.
92,Lucia Bronzetti,26.4,1717.4,,76,1697.7,106,1614.7,109,1555.3,,1777.9,2025-03,,59,0.44,Bronzetti L.
93,Anna Bondar,28.0,1717.1,,133,1604.6,68,1706.5,187,1476.1,,1786.6,2022-05,,69,0.3,Bondar A.
94,Yafan Wang,30.7,1716.1,,75,1698.3,163,1544.9,113,1546.2,,1853.2,2019-03,,125,-0.29,Wang Y.
95,Anhelina Kalinina,28.3,1715.7,,84,1674.8,77,1687.7,88,1591.1,,1890.8,2022-06,,101,-0.06,Kalinina A.
96,Katie Volynets,23.4,1710.4,,98,1657.0,83,1668.8,97,1577.6,,1828.5,2024-06,,96,0.0,Volynets K.
97,Elisabetta Cocciaretto,24.3,1709.6,,104,1651.0,90,1656.1,59,1646.9,,1853.5,2023-07,,105,-0.08,Cocciaretto E.
98,Aliaksandra Sasnovich,31.2,1706.6,,94,1664.5,91,1651.8,89,1590.4,,1944.3,2019-01,,108,-0.1,Sasnovich A.
99,Francesca Jones,24.7,1706.5,,118,1625.6,81,1674.1,195,1466.2,,1745.9,2025-05,,132,-0.29,Jones F.
100,Yue Yuan,26.7,1705.3,,89,1670.6,117,1602.8,93,1585.0,,1869.7,2024-04,,84,0.17,Yuan Y.
101,Clara Burel,23.9,1701.7,,91,1667.9,82,1673.3,136,1522.4,,1845.7,2024-01,,198,-0.67,Burel C.
102,Caty Mcnally,23.5,1696.1,,131,1609.2,84,1665.5,91,1588.8,,1805.5,2019-07,,211,-0.73,Mcnally C.
103,Laura Siegemund,37.2,1692.1,,90,1669.1,97,1633.0,100,1576.5,,1917.6,2016-08,,106,-0.03,Siegemund L.
104,Sara Sorribes Tormo,28.5,1687.7,,106,1648.7,93,1649.7,112,1548.9,,1900.8,2021-08,,133,-0.25,Tormo S.
105,Antonia Ruzic,22.3,1685.6,,83,1688.1,156,1553.1,120,1537.9,,1785.8,2025-03,,98,0.07,Ruzic A.
106,Robin Montgomery,20.7,1683.6,,123,1621.8,116,1604.6,58,1647.9,,1779.9,2024-07,,114,-0.07,Montgomery R.
107,Dalma Galfi,26.8,1681.9,,181,1551.3,87,1661.3,71,1622.1,,1714.7,2022-07,,115,-0.07,Galfi D.
108,Tatjana Maria,37.8,1681.8,,113,1631.5,150,1562.7,45,1677.8,,1804.5,2009-08,,43,0.92,Maria T.
109,Ana Bogdan,32.5,1681.1,,101,1654.7,99,1630.4,77,1608.2,,1826.3,2023-07,,247,-0.82,Bogdan A.
110,Shuai Zhang,36.3,1680.5,,93,1664.9,139,1572.3,81,1599.4,,1873.3,2018-01,,126,-0.14,Zhang S.
111,Viktoriya Tomova,30.2,1675.2,,110,1642.5,111,1608.0,110,1551.4,,1752.1,2024-06,,83,0.29,Tomova V.
112,Daria Saville,31.2,1673.4,,111,1641.5,123,1598.9,116,1541.4,,1971.3,2017-01,,138,-0.21,Saville D.
113,Diane Parry,22.7,1672.2,,120,1623.7,108,1612.1,84,1595.6,,1763.9,2024-03,,116,-0.03,Parry D.
114,Alexandra Eala,20.0,1671.0,,100,1655.1,201,1501.4,105,1568.3,,1721.0,2025-04,,77,0.39,Eala A.
115,Simona Waltert,24.4,1670.3,,115,1628.5,101,1628.9,155,1501.8,,1706.0,2025-05,,128,-0.11,Waltert S.
116,Polina Kudermetova,22.0,1667.8,,99,1655.3,131,1586.2,125,1529.9,,1770.3,2024-12,,63,0.61,Kudermetova P.
117,Zeynep Sonmez,23.1,1667.3,,102,1652.2,134,1579.9,101,1576.1,,1769.8,2024-12,,82,0.36,Sonmez Z.
118,Oksana Selekhmeteva,22.4,1666.7,,134,1604.4,98,1632.9,146,1508.3,,1718.0,2024-07,,145,-0.21,Selekhmeteva O.
119,Petra Martic,34.3,1663.7,,116,1627.9,100,1629.4,80,1602.1,,1979.2,2019-09,,141,-0.17,Martic P.
120,Yuliia Starodubtseva,25.3,1658.5,,137,1599.5,102,1621.5,106,1567.8,,1834.9,2024-10,,68,0.57,Starodubtseva Y.
121,Nadia Podoroska,27.9,1656.8,,117,1626.0,128,1591.7,150,1505.6,,1866.8,2021-01,,223,-0.61,Podoroska N.
122,Renata Zarazua,27.6,1656.4,,126,1613.8,118,1602.1,128,1527.8,,1761.2,2025-01,,75,0.49,Zarazua R.
123,Lin Zhu,31.2,1655.7,,109,1643.4,234,1445.9,131,1526.2,,1808.9,2023-09,,309,-0.92,Zhu L.
124,Cristina Bucsa,27.4,1653.7,,114,1630.1,154,1556.9,123,1535.3,,1736.6,2023-04,,107,0.15,Bucsa C.
125,Alycia Parks,24.4,1653.0,,87,1671.5,202,1499.9,108,1556.6,,1824.7,2023-01,,47,0.98,Parks A.
126,Alina Korneeva,17.9,1653.0,,105,1650.8,242,1441.7,157,1501.5,,1802.5,2024-10,,284,-0.81,Korneeva A.
127,Claire Liu,24.9,1652.7,,112,1640.4,130,1590.0,137,1519.3,,1814.6,2022-05,,431,-1.22,Liu C.
128,Solana Sierra,20.9,1652.7,,156,1577.1,107,1612.5,201,1463.1,,1697.2,2024-12,,100,0.25,Sierra S.
129,Emiliana Arango,24.5,1647.6,,107,1647.1,138,1574.1,175,1483.4,,1698.2,2025-02,,81,0.47,Arango E.
130,Lulu Sun,24.1,1647.1,,121,1622.7,182,1525.5,78,1605.3,,1831.6,2024-08,,44,1.08,Sun L.
131,Leolia Jeanjean,29.8,1646.5,,129,1611.3,114,1606.1,173,1483.6,,1684.9,2022-09,,94,0.33,Jeanjean L.
132,Sara Errani,38.0,1642.6,,155,1577.9,109,1611.4,148,1507.3,,2085.5,2013-05,,243,-0.61,Errani S.
133,Anna Karolina Schmiedlova,30.4,1642.6,,162,1571.1,92,1650.2,221,1450.9,,1942.1,2015-09,,265,-0.69,Schmiedlova A.
134,Heather Watson,33.0,1641.8,,130,1610.1,216,1476.1,92,1585.4,,1912.2,2014-06,,147,-0.09,Watson H.
135,Linda Fruhvirtova,20.0,1641.1,,136,1603.3,191,1510.1,104,1569.6,,1764.1,2023-03,,150,-0.11,Fruhvirtova L.
136,Xiyu Wang,24.1,1641.0,,119,1625.2,115,1605.6,133,1525.9,,1803.0,2024-02,,163,-0.18,Wang X.
137,Nuria Parrizas Diaz,33.9,1640.7,,138,1599.1,113,1607.2,198,1463.5,,1765.0,2022-02,,85,0.48,Diaz N.
138,Ena Shibahara,27.3,1640.3,,125,1614.7,158,1551.5,151,1504.2,,1713.2,2024-11,,123,0.12,Shibahara E.
139,Maria Lourdes Carle,25.3,1639.9,,153,1578.5,119,1602.1,208,1460.9,,1768.7,2024-05,,122,0.13,Carle M.
140,Elsa Jacquemot,22.1,1638.7,,151,1583.7,141,1568.5,132,1526.0,,1652.8,2024-01,,113,0.21,Jacquemot E.
141,Julia Grabher,28.9,1637.7,,213,1495.9,103,1619.4,247,1431.3,,1691.9,2022-09,,142,-0.01,Grabher J.
142,Jil Teichmann,27.8,1635.4,,128,1612.0,129,1591.0,225,1445.1,,1922.9,2022-05,,92,0.43,Teichmann J.
143,Mananchaya Sawangkaew,22.8,1633.7,,127,1612.9,186,1519.6,130,1527.5,,1775.4,2025-02,,103,0.33,Sawangkaew M.
144,Rebecca Marino,34.4,1632.8,,140,1593.6,204,1496.9,87,1593.4,,1833.6,2010-11,,99,0.37,Marino R.
145,Kamilla Rakhimova,23.7,1627.8,,152,1580.7,127,1593.9,185,1476.7,,1737.3,2024-09,,87,0.51,Rakhimova K.
146,Tatiana Prozorova,21.6,1626.4,,108,1647.1,173,1534.1,167,1488.2,,1730.1,2025-02,,154,-0.05,Prozorova T.
147,Nina Stojanovic,28.8,1626.0,,141,1592.6,126,1595.2,158,1499.6,,1752.9,2019-10,,173,-0.16,Stojanovic N.
148,Arantxa Rus,34.4,1626.0,,147,1587.9,120,1601.5,169,1486.0,,1774.5,2012-07,,91,0.49,Rus A.
149,Maja Chwalinska,23.6,1624.4,,150,1584.1,122,1599.1,135,1523.3,,1717.6,2024-07,,124,0.18,Chwalinska M.
150,Martina Trevisan,30.9,1624.0,,161,1572.1,110,1610.7,310,1384.6,,1803.7,2022-05,,189,-0.23,Trevisan M.
151,Varvara Lepchenko,39.0,1623.9,,146,1589.3,146,1564.5,145,1511.0,,1891.7,2015-01,,121,0.22,Lepchenko V.
152,Celine Naef,19.9,1623.4,,122,1622.6,214,1481.9,98,1577.4,,1713.2,2023-09,,178,-0.16,Naef C.
153,Victoria Jimenez Kasintseva,19.8,1620.0,,215,1494.4,112,1607.5,184,1477.5,,1630.3,2024-09,,135,0.13,Kasintseva V.
154,Dominika Salkova,20.9,1619.9,,139,1598.3,144,1565.3,211,1459.1,,1653.5,2024-05,,193,-0.23,Salkova D.
155,Oleksandra Oliynykova,24.4,1619.8,,326,1378.7,125,1595.5,170,1484.9,,1652.3,2025-06,,195,-0.23,Oliynykova O.
156,Valentina Ryser,24.2,1619.7,,182,1547.9,320,1371.2,79,1604.1,,1638.5,2025-06,,218,-0.33,Ryser V.
157,Anastasia Zakharova,23.3,1618.4,,149,1585.7,199,1503.5,139,1517.8,,1706.7,2024-10,,93,0.52,Zakharova A.
158,Anna Lena Friedsam,31.3,1618.1,,165,1565.5,149,1563.8,182,1478.8,,1842.9,2016-05,,232,-0.38,Friedsam A.
159,Teodora Kostovic,,1617.3,,205,1507.2,152,1561.2,174,1483.6,,1669.0,2025-05,,388,-0.89,Kostovic T.
160,Oceane Dodin,28.1,1615.6,,135,1604.1,190,1510.4,165,1492.6,,1827.7,2016-11,,349,-0.78,Dodin O.
161,Sinja Kraus,23.1,1612.3,,183,1547.8,153,1559.0,117,1541.0,,1711.3,2025-03,,153,0.05,Kraus S.
162,Priscilla Hon,27.0,1611.8,,132,1607.9,195,1506.0,204,1462.5,,1673.8,2019-10,,137,0.17,Hon P.
163,Iryna Shymanovich,27.9,1611.1,,200,1514.6,133,1580.8,266,1415.8,,1649.2,2023-08,,170,-0.04,Shymanovich I.
164,Mia Pohankova,,1609.8,,145,1589.9,273,1419.9,179,1479.9,,1685.9,2024-11,,469,-1.05,Pohankova M.
165,Maddison Inglis,27.4,1609.8,,157,1577.1,219,1465.9,161,1496.6,,1627.3,2025-04,,146,0.12,Inglis M.
166,Sofia Costoulas,20.1,1606.5,,148,1586.6,185,1523.3,183,1478.3,,1625.2,2025-05,,184,-0.1,Costoulas S.
167,Nao Hibino,30.4,1606.5,,164,1568.2,160,1549.3,171,1484.5,,1751.2,2015-09,,166,0.01,Hibino N.
168,Lucrezia Stefanini,27.0,1605.0,,175,1557.0,178,1526.9,134,1525.4,,1650.2,2024-12,,161,0.04,Stefanini L.
169,Tiantsoa Sarah Rakotomanga Rajaonah,,1603.2,,239,1470.0,145,1564.7,186,1476.6,,1621.0,2025-06,,181,-0.07,Rajaonah T.
170,Hanne Vandewinkel,21.0,1601.7,,172,1559.2,155,1555.9,188,1475.8,,1647.0,2025-04,,175,-0.03,Vandewinkel H.
171,Saisai Zheng,31.0,1601.0,,170,1560.8,168,1539.3,162,1495.5,,1827.5,2020-03,,596,-1.25,Zheng S.
172,Marina Stakusic,20.4,1599.7,,169,1561.1,197,1505.3,119,1539.4,,1794.3,2024-02,,130,0.28,Stakusic M.
173,Lauren Davis,31.6,1596.9,,144,1590.5,183,1523.7,124,1532.7,,1924.3,2017-03,,192,-0.1,Davis L.
174,Petra Marcinko,19.5,1595.8,,210,1500.5,136,1576.2,249,1430.5,,1674.0,2022-11,,177,-0.02,Marcinko P.
175,Darja Semenistaja,22.7,1594.0,,218,1488.0,132,1583.5,160,1497.0,,1710.3,2023-07,,129,0.3,Semenistaja D.
176,Ella Seidel,20.3,1592.3,,154,1578.3,161,1546.1,242,1432.6,,1753.5,2024-01,,110,0.47,Seidel E.
177,Zarina Diyas,31.6,1590.9,,167,1564.1,170,1536.1,147,1507.5,,1856.6,2015-02,,275,-0.44,Diyas Z.
178,Jana Fett,28.5,1590.9,,195,1523.2,148,1564.1,168,1487.6,,1755.5,2017-10,,167,0.06,Fett J.
179,Harriet Dart,28.8,1590.4,,160,1574.7,254,1429.4,103,1572.9,,1727.2,2022-06,,118,0.42,Dart H.
180,Clervie Ngounoue,18.8,1589.8,,159,1575.1,222,1464.4,227,1443.2,,1656.8,2025-03,,221,-0.21,Ngounoue C.
181,Veronika Erjavec,25.4,1589.8,,238,1471.0,147,1564.3,220,1451.8,,1626.4,2025-03,,172,0.05,Erjavec V.
182,Tamara Korpatsch,30.0,1588.4,,204,1509.4,137,1574.6,239,1436.0,,1717.5,2022-10,,157,0.15,Korpatsch T.
183,Talia Gibson,20.9,1587.3,,171,1560.7,271,1420.4,152,1504.0,,1656.9,2024-10,,127,0.37,Gibson T.
184,Elena Pridankina,19.7,1586.2,,194,1523.3,143,1567.3,192,1468.1,,1658.2,2025-04,,176,0.04,Pridankina E.
185,Amarissa Kiara Toth,22.2,1584.9,,241,1468.3,162,1545.7,193,1467.5,,1584.9,2025-05,,274,-0.39,Toth A.
186,Sachia Vickery,29.7,1583.6,,184,1544.2,164,1544.8,202,1462.7,,1736.9,2018-04,,414,-0.8,Vickery S.
187,Fiona Ferro,28.2,1580.0,,180,1553.0,180,1526.6,232,1441.8,,1864.6,2021-03,,380,-0.71,Ferro F.
188,Lola Radivojevic,20.4,1579.9,,261,1442.7,135,1578.8,118,1540.0,,1611.2,2024-09,,174,0.08,Radivojevic L.
189,Julia Riera,22.9,1578.5,,214,1494.8,167,1541.1,234,1440.6,,1731.2,2024-05,,201,-0.06,Riera J.
190,Chloe Paquet,30.9,1576.6,,237,1471.2,165,1542.9,252,1428.8,,1631.4,2024-08,,151,0.23,Paquet C.
191,Alina Charaeva,23.0,1576.3,,252,1456.7,142,1568.1,200,1463.2,,1623.2,2024-10,,185,0.03,Charaeva A.
192,Jule Niemeier,25.8,1575.6,,178,1553.9,157,1552.2,138,1519.2,,1867.6,2022-06,,152,0.23,Niemeier J.
193,Emerson Jones,16.8,1575.3,,177,1554.7,286,1402.7,203,1462.7,,1618.0,2025-01,,207,-0.07,Jones E.
194,Katarzyna Kawa,32.5,1574.6,,253,1456.3,151,1561.7,189,1473.5,,1649.3,2020-11,,139,0.33,Kawa K.
195,Astra Sharma,29.7,1574.4,,186,1536.6,172,1534.7,172,1483.8,,1708.0,2019-04,,143,0.31,Sharma A.
196,Aleksandra Krunic,32.1,1574.1,,196,1520.1,140,1569.3,129,1527.7,,1838.0,2018-01,,363,-0.62,Krunic A.
197,Darja Vidmanova,22.3,1573.8,,163,1570.7,240,1442.8,206,1461.9,,1573.8,2025-06,,249,-0.23,Vidmanova D.
198,Julieta Pareja,16.1,1572.7,,230,1474.9,171,1535.8,207,1461.3,,1619.7,2025-03,,326,-0.5,Pareja J.
199,Aoi Ito,21.0,1572.2,,142,1591.7,385,1316.8,259,1421.9,,1786.2,2024-12,,109,0.6,Ito A.
200,Mary Stoiana,22.0,1567.8,,176,1556.5,296,1390.6,214,1458.9,,1658.4,2024-10,,262,-0.27,Stoiana M.
201,Xinyu Gao,27.5,1566.8,,199,1519.0,192,1509.9,248,1430.7,,1609.8,2025-02,,149,0.3,Gao X.
202,Linda Klimovicova,20.9,1565.6,,166,1565.5,252,1430.3,224,1445.6,,1651.9,2025-05,,187,0.08,Klimovicova L.
203,Jessika Ponchet,28.7,1565.0,,203,1511.0,179,1526.6,159,1499.1,,1622.0,2024-06,,134,0.42,Ponchet J.
204,Louisa Chirico,29.0,1564.5,,207,1504.6,166,1541.9,230,1442.3,,1812.7,2016-10,,155,0.27,Chirico L.
205,Leyre Romero Gormaz,23.1,1563.5,,236,1471.5,176,1529.2,284,1400.8,,1656.1,2024-06,,140,0.38,Gormaz L.
206,Mona Barthel,34.9,1562.9,,187,1536.4,184,1523.7,264,1420.5,,2000.1,2012-05,,194,0.06,Barthel M.
207,Jodie Burrage,26.0,1562.7,,174,1557.5,300,1387.7,140,1516.8,,1712.3,2023-07,,162,0.25,Burrage J.
208,Mirjam Bjorklund,26.7,1561.6,,190,1529.6,193,1509.8,115,1542.0,,1740.8,2023-06,,604,-1.07,Bjorklund M.
209,Tyra Caterina Grant,17.2,1559.5,,206,1506.0,208,1489.8,218,1454.7,,1624.1,2025-01,,303,-0.37,Grant T.
210,Joanna Garland,23.8,1557.3,,248,1461.1,189,1513.4,196,1464.9,,1567.3,2025-06,,144,0.38,Garland J.
211,Olivia Gadecki,23.1,1556.4,,185,1537.0,212,1483.5,163,1494.7,,1767.5,2024-10,,104,0.71,Gadecki O.
212,Erika Andreeva,20.9,1555.9,,179,1553.8,218,1469.4,178,1480.0,,1795.0,2024-03,,102,0.73,Andreeva E.
213,Daria Snigur,23.2,1553.9,,201,1514.4,250,1433.4,141,1516.6,,1708.0,2024-07,,156,0.31,Snigur D.
214,Carson Branstine,24.7,1552.8,,197,1519.9,232,1450.0,153,1502.7,,1562.3,2025-06,,196,0.09,Branstine C.
215,Tamara Zidansek,27.4,1550.3,,209,1501.0,169,1537.1,222,1450.6,,1857.1,2019-06,,206,0.04,Zidansek T.
216,Kateryna Baindl,30.5,1549.7,,192,1527.9,175,1530.0,281,1404.4,,1825.4,2016-02,,559,-0.95,Baindl K.
217,Panna Udvardy,26.6,1549.7,,208,1504.2,200,1501.9,164,1493.7,,1704.6,2023-01,,169,0.25,Udvardy P.
218,Camilla Rosatello,30.0,1549.0,,243,1467.5,194,1507.4,299,1391.7,,1565.3,2025-06,,252,-0.14,Rosatello C.
219,Mariam Bolkvadze,27.4,1548.2,,188,1534.3,358,1334.4,219,1453.2,,1622.4,2021-09,,197,0.11,Bolkvadze M.
220,Carole Monnet,23.4,1544.3,,211,1500.4,206,1495.5,297,1393.5,,1544.3,2025-05,,202,0.09,Monnet C.
221,Barbora Palicova,21.2,1542.1,,249,1460.2,187,1517.3,215,1458.3,,1672.5,2022-11,,171,0.26,Palicova B.
222,Ysaline Bonaventure,30.5,1540.2,,191,1528.2,210,1486.8,190,1471.6,,1772.2,2019-07,,822,-1.31,Bonaventure Y.
223,Laura Samson,17.2,1536.9,,264,1440.1,177,1527.8,226,1443.4,,1536.9,2025-06,,272,-0.2,Samson L.
224,Sijia Wei,21.5,1535.7,,143,1591.1,348,1345.6,240,1435.4,,1762.6,2025-01,,131,0.54,Wei S.
225,Guiomar Maristany Zuleta De Reales,26.3,1535.3,,281,1413.5,174,1530.9,229,1442.6,,1589.2,2025-05,,179,0.23,Reales G.
226,Anastasiya Soboleva,21.1,1534.7,,272,1429.1,198,1505.0,283,1403.5,,1571.2,2025-05,,237,-0.05,Soboleva A.
227,Arina Rodionova,35.4,1531.1,,193,1525.6,282,1410.3,177,1481.1,,1643.7,2017-07,,215,0.05,Rodionova A.
228,Marina Bassols Ribera,25.4,1528.4,,212,1498.0,207,1493.2,216,1456.8,,1675.3,2024-01,,235,-0.03,Ribera M.
229,Destanee Aiava,25.0,1528.0,,189,1530.6,268,1421.8,332,1376.4,,1640.5,2025-02,,160,0.36,Aiava D.
230,Julie Belgraver,22.9,1525.2,,277,1422.0,213,1483.0,238,1437.6,,1549.3,2025-06,,277,-0.19,Belgraver J.
231,Andrea Lazaro Garcia,30.5,1520.2,,260,1444.4,203,1498.1,237,1439.1,,1553.7,2022-05,,180,0.25,Garcia A.
232,Tereza Martincova,30.6,1520.1,,202,1514.3,264,1422.7,142,1516.0,,1811.8,2022-03,,513,-0.79,Martincova T.
233,Lizette Cabrera,27.4,1519.8,,222,1483.5,309,1380.9,176,1482.8,,1588.0,2017-11,,204,0.13,Cabrera L.
234,Lanlana Tararudee,20.9,1518.3,,198,1519.8,229,1451.9,191,1469.5,,1605.4,2025-05,,182,0.25,Tararudee L.
235,Wakana Sonobe,17.3,1515.3,,158,1575.5,368,1325.9,243,1432.6,,1733.6,2025-04,,307,-0.27,Sonobe W.
236,Aliona Bolsova,27.5,1514.9,,257,1447.9,196,1505.5,272,1410.4,,1726.6,2019-05,,301,-0.24,Bolsova A.
237,Emina Bektas,32.1,1514.7,,228,1476.8,384,1317.4,166,1491.6,,1692.4,2023-10,,295,-0.22,Bektas E.
238,Amarni Banks,22.6,1511.6,,231,1474.8,322,1370.8,197,1464.0,,1555.1,2024-01,,264,-0.1,Banks A.
239,Harmony Tan,27.7,1511.2,,219,1487.0,313,1375.3,143,1513.6,,1709.7,2022-08,,304,-0.24,Tan H.
240,Kathinka Von Deichmann,31.0,1510.5,,244,1466.3,215,1477.0,291,1396.4,,1625.3,2022-05,,158,0.42,Deichmann K.
241,Alexis Blokhina,20.7,1509.6,,287,1407.8,211,1486.8,251,1429.8,,1509.6,2025-06,,464,-0.66,Blokhina A.
242,Francisca Jorge,25.1,1508.5,,220,1484.8,233,1446.6,210,1459.3,,1566.3,2023-12,,259,-0.07,Jorge F.
243,Viktoria Hruncakova,27.0,1506.9,,221,1484.8,248,1436.3,262,1421.4,,1890.8,2018-06,,220,0.1,Hruncakova V.
244,Yuriko Miyazaki,29.5,1506.2,,224,1481.3,387,1315.5,228,1443.0,,1629.1,2023-01,,242,0.01,Miyazaki Y.
245,Kristina Dmitruk,21.6,1503.2,,216,1492.0,226,1458.4,274,1409.7,,1588.2,2025-03,,200,0.2,Dmitruk K.
246,Wushuang Zheng,26.4,1502.8,,217,1491.8,369,1325.4,254,1426.4,,1518.4,2025-04,,246,0.0,Zheng W.
247,Sayaka Ishii,19.7,1502.1,,233,1474.0,334,1360.3,194,1466.7,,1577.3,2025-03,,208,0.17,Ishii S.
248,Elizabeth Mandlik,24.0,1501.8,,234,1473.7,220,1465.8,205,1462.1,,1697.6,2023-07,,255,-0.03,Mandlik E.
249,Mai Hontama,25.7,1501.1,,246,1465.7,238,1443.6,276,1408.4,,1687.6,2024-03,,191,0.27,Hontama M.
250,Tara Wurth,22.6,1496.1,,347,1359.7,209,1488.7,255,1423.1,,1681.6,2022-07,,250,0.0,Wurth T.
251,Hanyu Guo,27.0,1496.0,,229,1475.8,262,1423.4,256,1423.0,,1519.8,2025-06,,278,-0.1,Guo H.
252,Eva Vedder,25.5,1493.4,,250,1460.0,245,1440.0,245,1432.2,,1572.9,2025-01,,280,-0.11,Vedder E.
253,Noma Noha Akugue,21.5,1493.3,,305,1395.5,217,1472.2,343,1368.2,,1668.1,2023-08,,260,-0.03,Akugue N.
254,Matilde Jorge,21.1,1493.1,,225,1481.2,308,1383.4,261,1421.6,,1519.0,2025-06,,251,0.01,Jorge M.
255,Berfu Cengiz,25.6,1492.6,,310,1390.9,205,1496.0,263,1421.3,,1611.7,2024-06,,315,-0.21,Cengiz B.
256,Aurora Zantedeschi,24.5,1489.1,,380,1332.2,227,1455.9,265,1419.6,,1526.9,2025-03,,294,-0.14,Zantedeschi A.
257,Mingge Xu,17.6,1488.2,,265,1439.5,335,1359.1,277,1407.6,,1519.4,2025-06,,350,-0.31,Xu M.
258,En Shuo Liang,24.6,1486.7,,245,1466.1,321,1371.0,199,1463.4,,1621.7,2019-05,,287,-0.11,Liang E.
259,Tessah Andrianjafitrimo,26.6,1486.6,,240,1469.9,256,1427.4,285,1400.8,,1550.6,2024-09,,199,0.26,Andrianjafitrimo T.
260,Su Jeong Jang,30.0,1486.1,,271,1432.9,181,1525.6,311,1384.6,,1643.8,2017-05,,329,-0.24,Jang S.
261,Susan Bandecchi,26.9,1481.8,,351,1352.5,253,1429.8,233,1440.7,,1540.9,2024-06,,214,0.2,Bandecchi S.
262,Emeline Dartron,25.1,1480.7,,270,1434.8,269,1421.7,267,1415.3,,1525.5,2025-04,,327,-0.22,Dartron E.
263,Maria Timofeeva,21.5,1480.4,,235,1471.6,261,1426.0,380,1346.5,,1641.7,2024-03,,276,-0.05,Timofeeva M.
264,Marie Benoit,30.0,1479.7,,300,1398.1,221,1465.3,321,1381.7,,1548.6,2024-07,,318,-0.19,Benoit M.
265,Alice Rame,27.5,1477.9,,407,1296.3,237,1444.1,268,1414.0,,1505.0,2025-06,,300,-0.12,Rame A.
266,Sada Nahimana,24.1,1477.1,,349,1356.0,224,1460.8,269,1413.5,,1554.7,2025-05,,231,0.14,Nahimana S.
267,Ana Konjuh,27.4,1476.9,,227,1478.2,251,1431.4,180,1479.8,,1911.8,2017-02,,512,-0.65,Konjuh A.
268,Katherine Sebov,26.4,1476.9,,232,1474.3,297,1390.1,257,1423.0,,1701.7,2023-04,,305,-0.13,Sebov K.
269,Renata Jamrichova,17.9,1476.4,,267,1438.3,239,1443.0,348,1364.4,,1570.0,2022-11,,330,-0.2,Jamrichova R.
270,Cadence Brace,20.2,1473.3,,226,1478.7,420,1277.9,271,1411.7,,1493.7,2025-06,,267,0.01,Brace C.
271,Ella Mcdonald,19.8,1472.8,,367,1342.8,343,1351.4,209,1459.6,,1487.4,2025-06,,362,-0.29,Mcdonald E.
272,Mariia Tkacheva,23.2,1469.0,,223,1481.7,391,1312.1,275,1409.5,,1595.2,2024-11,,293,-0.07,Tkacheva M.
273,Anouk Koevermans,21.4,1467.4,,247,1463.2,275,1418.0,383,1345.6,,1669.6,2024-08,,190,0.36,Koevermans A.
274,Whitney Osuigwe,23.1,1467.1,,254,1455.1,249,1435.7,450,1306.5,,1799.0,2019-05,,159,0.54,Osuigwe W.
275,Kristina Mladenovic,31.7,1465.7,,256,1449.8,283,1410.1,236,1439.6,,1989.5,2017-05,,290,-0.05,Mladenovic K.
276,Patricia Maria Tig,30.8,1464.5,,279,1418.4,225,1460.4,416,1321.6,,1730.1,2020-09,,213,0.26,Tig P.
277,Beatrice Ricci,21.2,1463.4,,361,1346.7,235,1445.1,298,1393.2,,1490.6,2024-09,,531,-0.65,Ricci B.
278,Vitalia Diatchenko,34.8,1463.2,,266,1439.3,298,1388.7,241,1433.0,,1829.9,2014-11,,589,-0.75,Diatchenko V.
279,Nuria Brancaccio,24.9,1463.1,,392,1313.4,246,1436.9,322,1381.3,,1574.8,2024-11,,186,0.41,Brancaccio N.
280,Silvia Ambrosio,28.3,1461.8,,408,1294.6,231,1450.5,280,1405.9,,1533.3,2023-06,,285,-0.02,Ambrosio S.
281,Sohyun Park,22.8,1459.4,,262,1441.6,295,1391.5,181,1479.7,,1536.6,2019-09,,324,-0.14,Park S.
282,Aneta Kladivova,25.0,1457.4,,378,1334.5,223,1462.9,282,1403.7,,1498.6,2024-08,,310,-0.09,Kladivova A.
283,Ekaterine Gorgodze,33.5,1456.0,,306,1394.0,267,1422.0,253,1427.7,,1609.9,2021-08,,244,0.15,Gorgodze E.
284,Gabriela Andrea Knutson,28.0,1455.0,,251,1459.7,418,1282.7,279,1406.6,,1597.5,2024-07,,216,0.27,Knutson G.
285,Matilde Paoletti,21.9,1454.5,,325,1379.3,236,1445.1,349,1364.2,,1601.6,2023-07,,407,-0.36,Paoletti M.
286,Sara Saito,18.6,1453.2,,242,1467.7,228,1454.3,393,1338.8,,1664.6,2024-07,,253,0.12,Saito S.
287,Yuliya Hatouka,25.0,1451.9,,293,1403.5,243,1440.2,351,1362.5,,1597.0,2023-05,,470,-0.49,Hatouka Y.
288,Francesca Curmi,22.9,1451.6,,255,1450.3,319,1371.3,286,1400.8,,1502.4,2025-03,,366,-0.24,Curmi F.
289,Raluka Serban,27.9,1450.6,,290,1406.2,247,1436.9,355,1361.2,,1648.9,2022-04,,230,0.23,Serban R.
290,Carolina Alves,29.1,1449.9,,322,1380.3,255,1428.1,371,1351.4,,1582.2,2022-05,,240,0.19,Alves C.
291,Hanna Chang,27.2,1449.8,,298,1401.2,281,1410.4,312,1384.6,,1505.5,2025-04,,224,0.26,Chang H.
292,Arianne Hartono,29.1,1449.6,,258,1446.6,316,1373.8,384,1344.6,,1610.6,2024-02,,188,0.44,Hartono A.
293,Lea Boskovic,25.7,1449.1,,289,1407.2,270,1421.5,212,1459.0,,1591.8,2024-08,,217,0.3,Boskovic L.
294,Martina Okalova,27.9,1448.8,,346,1360.2,265,1422.3,287,1399.4,,1504.3,2025-05,,411,-0.34,Okalova M.
295,Tamira Paszek,34.4,1448.4,,276,1425.1,291,1396.1,121,1537.7,,1976.3,2007-08,,443,-0.41,Paszek T.
296,Kaitlin Quevedo,19.3,1445.6,,296,1402.1,288,1399.1,288,1397.8,,1575.6,2025-04,,222,0.29,Quevedo K.
297,Justina Mikulskyte,29.3,1445.1,,280,1417.3,276,1417.9,344,1367.5,,1527.5,2022-05,,209,0.35,Mikulskyte J.
298,Jazmin Ortenzi,23.5,1445.1,,311,1388.6,266,1422.3,289,1397.5,,1500.9,2025-05,,245,0.2,Ortenzi J.
299,Laura Pigossi,30.8,1445.0,,273,1428.5,257,1427.3,391,1341.4,,1607.5,2024-06,,219,0.31,Pigossi L.
300,Despina Papamichail,32.3,1443.0,,303,1397.1,287,1401.4,260,1421.9,,1551.5,2022-10,,261,0.14,Papamichail D.
301,Lia Karatancheva,21.7,1442.6,,406,1296.5,258,1427.2,292,1396.3,,1478.0,2025-05,,266,0.12,Karatancheva L.
302,Nikola Bartunkova,19.2,1442.2,,259,1445.1,305,1384.9,293,1396.1,,1630.6,2023-05,,448,-0.39,Bartunkova N.
303,Irina Bara,30.2,1442.2,,345,1360.6,272,1420.2,407,1327.9,,1670.0,2020-09,,248,0.2,Bara I.
304,Kyoka Okamura,29.6,1441.5,,299,1401.1,403,1294.2,156,1501.7,,1522.9,2016-09,,183,0.51,Okamura K.
305,Caroline Uebelhoer,29.1,1441.0,,376,1337.4,263,1423.4,296,1395.5,,1519.2,2025-04,,296,0.03,Uebelhoer C.
306,Gabriela Lee,29.7,1440.6,,387,1322.9,260,1426.7,406,1328.0,,1608.8,2022-05,,331,-0.08,Lee G.
307,Robin Anderson,32.1,1440.0,,283,1412.3,285,1403.1,341,1369.7,,1641.1,2019-10,,333,-0.08,Anderson R.
308,Irene Burillo Escorihuela,27.8,1440.0,,331,1371.4,259,1427.2,352,1362.5,,1537.0,2024-06,,254,0.19,Escorihuela I.
309,Kayla Day,25.6,1437.2,,284,1411.7,230,1451.3,375,1347.6,,1756.9,2016-10,,424,-0.32,Day K.
310,Katarina Zavatska,25.3,1436.0,,333,1369.6,274,1419.7,324,1379.8,,1720.0,2019-11,,341,-0.1,Zavatska K.
311,Haruka Kaji,30.7,1434.7,,268,1437.6,352,1343.5,250,1429.9,,1517.5,2025-03,,233,0.29,Kaji H.
312,Himeno Sakatsume,23.8,1431.6,,274,1426.3,345,1349.3,294,1396.1,,1581.5,2023-09,,241,0.26,Sakatsume H.
313,Tina Nadine Smith,22.9,1431.5,,288,1407.3,292,1393.5,300,1390.8,,1532.3,2025-02,,317,-0.01,Smith T.
314,Yaroslava Bartashevich,20.1,1431.2,,368,1342.6,317,1372.2,301,1390.6,,1499.9,2025-04,,487,-0.44,Bartashevich Y.
315,Valeria Savinykh,33.6,1429.6,,294,1402.5,406,1290.2,361,1357.5,,1713.2,2012-03,,875,-1.02,Savinykh V.
316,Ariana Geerlings,19.7,1428.9,,391,1317.5,310,1378.6,303,1389.4,,1442.6,2025-06,,338,-0.07,Geerlings A.
317,Aliona Falei,21.1,1428.8,,297,1402.0,299,1388.5,302,1390.2,,1644.3,2024-04,,298,0.06,Falei A.
318,Usue Maitane Arconada,26.5,1428.7,,278,1419.4,393,1308.9,333,1375.4,,1669.8,2019-09,,406,-0.24,Arconada U.
319,Amelia Rajecki,23.0,1428.3,,402,1298.5,363,1329.1,270,1413.0,,1468.1,2024-06,,392,-0.21,Rajecki A.
320,Kateryna Bondarenko,38.2,1426.3,,291,1404.7,307,1384.6,213,1459.0,,1971.8,2009-10,,647,-0.7,Bondarenko K.
321,Meiling Wang,25.2,1426.3,,307,1393.7,354,1340.5,305,1388.1,,1501.5,2024-05,,445,-0.33,Wang M.
322,Jaimee Fourlis,25.6,1424.8,,328,1375.1,293,1392.9,217,1456.5,,1591.9,2019-08,,344,-0.07,Fourlis J.
323,Jesika Maleckova,30.6,1424.8,,358,1348.6,279,1413.2,388,1341.7,,1571.1,2016-06,,548,-0.53,Maleckova J.
324,Fangran Tian,21.4,1423.4,,282,1412.5,366,1326.7,306,1386.7,,1505.4,2024-12,,454,-0.34,Tian F.
325,Zongyu Li,21.8,1423.0,,317,1386.4,280,1411.1,307,1386.5,,1441.8,2025-03,,351,-0.08,Li Z.
326,Diana Martynov,24.0,1422.6,,321,1380.5,312,1376.4,308,1386.3,,1521.5,2024-10,,391,-0.18,Martynov D.
327,Daria Kudashova,21.9,1421.6,,295,1402.4,357,1335.1,309,1385.8,,1560.3,2024-11,,425,-0.26,Kudashova D.
328,Taylah Preston,19.6,1418.6,,269,1436.3,382,1317.7,356,1360.4,,1747.0,2024-03,,238,0.32,Preston T.
329,Martyna Kubka,23.9,1418.5,,315,1388.2,355,1339.1,313,1384.3,,1442.8,2025-03,,387,-0.16,Kubka M.
330,Mia Ristic,19.0,1418.3,,360,1347.0,290,1396.7,314,1384.1,,1662.1,2023-11,,323,0.02,Ristic M.
331,Tena Lukas,30.0,1417.6,,377,1335.4,277,1417.7,353,1362.0,,1543.0,2018-07,,297,0.11,Lukas T.
332,Zhibek Kulambayeva,25.1,1416.3,,428,1273.8,284,1408.5,317,1383.1,,1436.3,2025-05,,308,0.08,Kulambayeva Z.
333,Akasha Urhobo,18.2,1415.7,,348,1359.0,301,1387.4,318,1382.8,,1525.6,2024-06,,419,-0.23,Urhobo A.
334,Liv Hovde,19.6,1415.6,,285,1409.8,371,1325.1,370,1352.3,,1573.1,2024-06,,629,-0.63,Hovde L.
335,Hina Inoue,22.0,1415.0,,286,1409.7,448,1251.3,320,1382.5,,1550.8,2024-10,,205,0.49,Inoue H.
336,Hannah Klugman,16.2,1415.0,,308,1392.5,349,1345.3,336,1371.4,,1479.3,2024-12,,577,-0.54,Klugman H.
337,Amandine Monnot,23.1,1415.0,,341,1363.3,324,1369.4,319,1382.5,,1442.7,2025-04,,427,-0.24,Monnot A.
338,Amandine Hesse,32.3,1411.9,,312,1388.5,336,1358.0,414,1322.4,,1573.3,2015-09,,332,0.02,Hesse A.
339,Sara Cakarevic,28.1,1410.8,,356,1348.9,326,1368.4,323,1380.4,,1459.6,2024-10,,415,-0.2,Cakarevic S.
340,Margaux Rouvroy,24.2,1409.4,,339,1364.1,315,1374.2,325,1379.7,,1545.4,2023-05,,306,0.11,Rouvroy M.
341,Angela Fita Boluda,25.9,1409.3,,388,1318.3,311,1378.5,326,1379.6,,1561.8,2024-09,,227,0.41,Boluda A.
342,Ana Sofia Sanchez,31.0,1408.5,,302,1397.8,359,1334.4,327,1379.2,,1446.1,2025-04,,257,0.29,Sanchez A.
343,Shrivalli Rashmikaa Bhamidipaty,23.4,1408.2,,320,1384.1,378,1319.1,328,1379.1,,1490.2,2024-02,,322,0.06,Bhamidipaty S.
344,Julia Avdeeva,22.9,1407.8,,309,1392.3,376,1319.3,365,1356.2,,1654.7,2024-02,,288,0.18,Avdeeva J.
345,Valeriya Strakhova,29.9,1406.8,,424,1278.6,302,1387.2,329,1378.4,,1455.2,2025-03,,256,0.3,Strakhova V.
346,Ekaterina Kazionova,26.4,1405.0,,401,1299.2,278,1417.2,363,1356.6,,1414.8,2025-06,,426,-0.21,Kazionova E.
347,Xiaodi You,28.8,1404.5,,316,1387.6,350,1344.4,419,1320.9,,1517.7,2017-11,,399,-0.14,You X.
348,Stacey Fung,28.1,1397.7,,319,1385.6,395,1301.7,334,1373.9,,1474.2,2024-11,,299,0.15,Fung S.
349,Lina Gjorcheska,30.8,1395.8,,362,1345.7,289,1397.4,315,1383.7,,1636.7,2017-04,,289,0.19,Gjorcheska L.
350,Polina Iatcenko,21.4,1394.9,,323,1380.0,390,1312.5,335,1372.5,,1418.6,2025-06,,337,0.04,Iatcenko P.
351,Carol Zhao,29.9,1393.1,,304,1395.6,375,1321.6,354,1362.0,,1576.7,2017-11,,270,0.26,Zhao C.
352,Ipek Oz,25.9,1393.1,,327,1378.7,327,1368.4,392,1340.5,,1563.9,2022-05,,321,0.09,Oz I.
353,Kamilla Bartone,22.8,1392.6,,363,1345.4,325,1369.2,337,1371.3,,1452.4,2021-07,,458,-0.26,Bartone K.
354,Kajsa Rinaldo Persson,27.5,1390.9,,324,1379.6,306,1384.9,454,1303.6,,1485.0,2025-05,,335,0.06,Persson K.
355,Tatiana Pieri,26.1,1389.8,,390,1317.6,341,1353.2,339,1369.9,,1411.7,2025-05,,370,-0.04,Pieri T.
356,Ekaterina Maklakova,21.0,1389.6,,336,1365.3,361,1333.1,340,1369.8,,1496.6,2024-03,,545,-0.43,Maklakova E.
357,Anastasia Tikhonova,24.3,1389.2,,355,1349.5,303,1386.6,273,1410.0,,1592.0,2022-03,,339,0.05,Tikhonova A.
358,Vivian Wolff,26.6,1387.7,,329,1374.1,365,1327.3,342,1368.9,,1454.9,2024-05,,418,-0.15,Wolff V.
359,Fangzhou Liu,29.2,1387.1,,334,1369.2,457,1242.5,405,1328.4,,1650.7,2015-03,,412,-0.14,Liu F.
360,Lian Tran,22.8,1385.7,,337,1365.0,388,1314.4,338,1371.0,,1501.0,2025-02,,340,0.06,Tran L.
361,Miriam Bianca Bulgaru,26.6,1385.2,,411,1292.2,323,1370.2,373,1350.9,,1590.4,2024-09,,203,0.58,Bulgaru M.
362,Ayana Akli,23.9,1384.3,,335,1367.2,372,1323.3,345,1367.2,,1506.8,2024-07,,316,0.14,Akli A.
363,Makenna Jones,27.2,1384.2,,275,1426.1,381,1317.9,346,1367.1,,1540.5,2023-10,,617,-0.53,Jones M.
364,Manon Leonard,24.3,1383.9,,263,1440.4,476,1215.2,458,1302.1,,1574.5,2024-03,,212,0.54,Leonard M.
365,Priska Madelyn Nugroho,21.8,1383.8,,354,1350.3,241,1441.9,231,1441.9,,1559.9,2020-03,,302,0.19,Nugroho P.
366,Ayano Shimizu,27.0,1383.8,,389,1318.0,405,1291.9,331,1376.9,,1527.1,2018-07,,292,0.23,Shimizu A.
367,Elvina Kalieva,21.8,1382.6,,400,1300.7,294,1392.6,463,1299.0,,1596.2,2022-01,,291,0.23,Kalieva E.
368,Jia Jing Lu,35.3,1382.1,,350,1354.1,351,1344.4,481,1281.6,,1530.1,2021-01,,353,0.04,Lu J.
369,Ylena In Albon,26.2,1381.5,,383,1328.4,337,1357.3,364,1356.4,,1591.7,2022-05,,311,0.17,Albon Y.
370,Eva Guerrero Alvarez,25.7,1380.5,,359,1347.6,339,1356.8,386,1343.2,,1514.7,2021-04,,383,-0.03,Alvarez E.
371,Vaidehi Chaudhari,25.0,1380.0,,340,1363.5,244,1440.0,235,1440.0,,1459.1,2024-01,,368,0.01,Chaudhari V.
372,Anna Siskova,23.8,1378.6,,410,1292.8,331,1363.2,470,1291.5,,1425.5,2023-08,,405,-0.08,Siskova A.
373,Kayla Cross,20.2,1377.4,,292,1404.4,399,1298.8,447,1307.2,,1493.7,2025-03,,229,0.49,Cross K.
374,Ayla Aksu,28.8,1375.6,,352,1351.5,356,1338.4,350,1362.8,,1516.1,2017-08,,336,0.11,Aksu A.
375,Han Shi,20.0,1374.7,,332,1371.3,338,1357.3,368,1353.4,,1657.2,2024-08,,271,0.32,Shi H.
376,Isabella Shinikova,33.6,1373.3,,313,1388.3,419,1280.3,477,1284.5,,1640.8,2019-10,,354,0.06,Shinikova I.
377,Nastasja Schunk,21.8,1370.7,,357,1348.9,362,1329.1,223,1449.2,,1675.1,2022-05,,283,0.29,Schunk N.
378,Mei Yamaguchi,25.9,1370.6,,301,1397.9,422,1276.9,395,1337.6,,1544.4,2025-02,,273,0.33,Yamaguchi M.
379,Xinxin Yao,21.6,1370.6,,314,1388.3,447,1253.1,357,1360.3,,1539.4,2025-01,,258,0.38,Yao X.
380,Ena Koike,18.5,1370.1,,369,1342.6,417,1284.3,358,1360.1,,1385.2,2025-06,,586,-0.43,Koike E.
381,Katrina Scott,20.9,1369.7,,370,1342.2,377,1319.2,448,1307.1,,1696.9,2022-08,,402,-0.05,Scott K.
382,Iva Primorac,29.0,1367.3,,448,1256.2,304,1385.9,359,1358.7,,1436.2,2024-09,,384,-0.01,Primorac I.
383,Sahaja Yamalapalli,24.3,1366.3,,366,1343.4,436,1264.0,360,1358.2,,1431.2,2024-12,,342,0.11,Yamalapalli S.
384,Dejana Radanovic,28.3,1365.6,,426,1276.4,329,1366.1,397,1334.6,,1488.5,2019-05,,480,-0.22,Radanovic D.
385,Elena Malygina,24.9,1364.9,,364,1344.7,380,1317.9,244,1432.4,,1470.1,2019-02,,468,-0.2,Malygina E.
386,Oana Georgeta Simion,29.2,1363.4,,405,1296.7,364,1328.8,362,1356.7,,1392.5,2025-06,,485,-0.23,Simion O.
387,Ziva Falkner,22.8,1363.0,,318,1386.0,347,1346.3,246,1431.5,,1608.2,2023-07,,503,-0.26,Falkner Z.
388,Karina Miller,23.0,1362.4,,342,1363.3,430,1267.5,366,1356.2,,1486.9,2024-11,,312,0.22,Miller K.
389,Selena Janicijevic,22.8,1362.0,,330,1373.7,367,1326.3,347,1365.9,,1576.3,2024-07,,228,0.53,Janicijevic S.
390,Alicia Herrero Linana,26.4,1361.3,,442,1264.3,340,1353.5,367,1355.6,,1411.6,2024-11,,367,0.06,Linana A.
391,Cagla Buyukakcay,35.6,1360.6,,338,1364.4,360,1334.0,500,1244.6,,1727.7,2016-05,,345,0.13,Buyukakcay C.
392,Georgia Pedone,20.7,1357.1,,492,1193.5,318,1372.0,382,1345.9,,1563.8,2024-09,,210,0.62,Pedone G.
393,Maria Mateas,25.8,1356.6,,382,1328.5,379,1318.9,290,1396.5,,1528.7,2017-09,,236,0.51,Mateas M.
394,Astrid Lew Yan Foon,19.6,1355.8,,431,1268.4,353,1342.2,369,1352.9,,1438.9,2024-04,,514,-0.27,Foon A.
395,Lina Glushko,25.4,1355.2,,365,1343.8,374,1321.7,278,1407.1,,1581.4,2019-02,,282,0.34,Glushko L.
396,Sophie Chang,27.8,1354.4,,374,1339.8,386,1315.7,389,1341.6,,1505.5,2021-09,,343,0.14,Chang S.
397,Conny Perrin,34.2,1353.2,,453,1248.8,332,1361.4,316,1383.5,,1586.9,2018-07,,792,-0.69,Perrin C.
398,Urszula Radwanska,34.4,1352.9,,385,1325.4,330,1364.2,374,1348.8,,1885.0,2012-09,,457,-0.14,Radwanska U.
399,Alevtina Ibragimova,20.3,1352.2,,399,1301.6,344,1351.4,372,1351.1,,1549.1,2024-09,,314,0.24,Ibragimova A.
400,Stephanie Wagner,30.6,1348.3,,397,1306.8,342,1352.9,417,1321.5,,1420.7,2019-07,,493,-0.21,Wagner S.
401,Petra Hule,26.2,1347.2,,371,1340.7,383,1317.7,462,1299.1,,1511.9,2024-02,,371,0.08,Hule P.
402,Lea Ma,24.3,1345.2,,393,1311.4,397,1301.0,376,1347.6,,1365.8,2025-06,,356,0.12,Ma L.
403,Evialina Laskevich,20.2,1345.1,,372,1340.7,449,1250.9,377,1347.6,,1581.0,2024-07,,486,-0.19,Laskevich E.
404,Malene Helgo,25.7,1345.0,,343,1361.8,414,1285.7,258,1422.5,,1538.2,2017-04,,439,-0.08,Helgo M.
405,Dalila Jakupovic,34.2,1345.0,,353,1350.6,392,1311.8,444,1309.0,,1762.6,2018-07,,319,0.24,Jakupovic D.
406,Audrey Albie,30.4,1343.1,,344,1361.4,439,1260.5,378,1346.6,,1604.5,2019-01,,672,-0.5,Albie A.
407,Gina Feistel,21.8,1343.1,,434,1267.5,333,1361.4,379,1346.6,,1557.9,2024-07,,373,0.09,Feistel G.
408,Thaisa Grana Pedretti,25.8,1342.9,,386,1324.3,389,1313.3,381,1346.5,,1438.3,2024-02,,495,-0.19,Pedretti T.
409,Emily Appleton,25.7,1339.8,,379,1333.3,450,1250.4,440,1309.8,,1437.9,2024-06,,400,0.02,Appleton E.
410,Ranah Akua Stoiber,20.0,1339.6,,469,1232.8,416,1284.8,423,1318.5,,1420.4,2024-06,,472,-0.14,Stoiber R.
411,Alexandra Shubladze,19.6,1337.1,,381,1329.2,412,1286.0,385,1343.5,,1452.4,2024-09,,463,-0.12,Shubladze A.
412,Ekaterina Reyngold,23.9,1335.6,,373,1340.2,464,1234.8,387,1342.8,,1399.7,2025-02,,481,-0.15,Reyngold E.
413,Gergana Topalova,25.1,1334.7,,497,1178.9,370,1325.4,400,1332.2,,1455.2,2024-07,,361,0.13,Topalova G.
414,Luca Udvardy,19.5,1333.0,,422,1281.5,398,1300.2,390,1341.5,,1452.5,2025-04,,498,-0.18,Udvardy L.
415,Mina Hodzic,23.0,1328.5,,403,1297.9,410,1287.2,418,1321.3,,1534.3,2024-04,,442,-0.06,Hodzic M.
416,Natalija Stevanovic,30.5,1328.0,,421,1281.5,328,1366.7,304,1389.4,,1598.5,2023-07,,465,-0.11,Stevanovic N.
417,Anna Sinclair Rogers,27.2,1326.0,,404,1296.9,413,1285.8,394,1338.0,,1432.3,2024-11,,269,0.44,Rogers A.
418,Ankita Raina,32.4,1325.5,,409,1293.2,346,1349.2,461,1299.4,,1517.7,2018-04,,347,0.19,Raina A.
419,Olga Helmi,25.1,1321.9,,398,1301.7,423,1275.9,396,1335.9,,1412.9,2022-09,,556,-0.28,Helmi O.
420,Anastasia Kulikova,25.3,1319.9,,394,1309.7,373,1323.0,428,1318.0,,1667.1,2021-07,,377,0.11,Kulikova A.
421,Jasmijn Gimbrere,24.2,1319.5,,416,1287.6,402,1294.7,471,1291.2,,1339.5,2025-06,,453,-0.07,Gimbrere J.
422,Ksenia Zaytseva,20.6,1318.7,,427,1275.4,401,1294.7,398,1334.3,,1468.1,2023-12,,685,-0.48,Zaytseva K.
423,Anastasiia Gureva,20.0,1317.6,,375,1338.0,479,1211.1,399,1333.8,,1549.7,2024-02,,581,-0.32,Gureva A.
424,Lucija Ciric Bagaric,21.3,1317.6,,417,1286.5,396,1301.4,441,1309.5,,1540.7,2024-07,,390,0.08,Bagaric L.
425,Miho Kuramochi,26.9,1317.3,,439,1265.5,424,1273.6,403,1331.5,,1434.2,2024-01,,397,0.07,Kuramochi M.
426,Ikumi Yamazaki,23.5,1314.1,,395,1308.2,427,1272.0,401,1332.0,,1338.0,2025-03,,423,0.01,Yamazaki I.
427,Hong Yi Cody Wong,23.0,1313.5,,423,1279.6,407,1287.7,402,1331.8,,1398.7,2025-01,,364,0.16,Wong H.
428,Cristina Dinu,31.9,1313.0,,445,1260.7,415,1285.3,479,1282.8,,1498.3,2016-09,,502,-0.16,Dinu C.
429,Carlota Martinez Cirez,24.3,1309.0,,478,1217.0,404,1293.9,404,1329.5,,1420.1,2024-05,,226,0.64,Cirez C.
430,Sarah Beth Grey,29.2,1306.2,,396,1307.6,451,1250.0,511,1215.5,,1412.6,2022-06,,600,-0.33,Grey S.
431,Alice Robbe,25.0,1306.0,,449,1255.5,314,1374.6,431,1317.2,,1499.5,2023-10,,516,-0.18,Robbe A.
432,Tiphanie Fiquet,25.0,1304.4,,420,1282.9,442,1257.5,408,1327.2,,1338.2,2025-05,,466,-0.08,Fiquet T.
433,Leonie Kung,24.6,1302.9,,384,1328.2,458,1241.0,486,1278.7,,1632.1,2021-03,,234,0.62,Kung L.
434,Carolina Kuhl,20.1,1302.3,,461,1239.4,411,1286.7,409,1326.1,,1349.0,2024-11,,460,-0.06,Kuhl C.
435,Diletta Cherubini,23.0,1302.2,,437,1266.1,426,1272.4,410,1326.1,,1375.6,2022-08,,446,-0.02,Cherubini D.
436,Momoko Kobori,26.7,1302.0,,446,1259.7,455,1247.8,466,1295.5,,1439.9,2018-05,,473,-0.08,Kobori M.
437,Miriana Tona,30.2,1298.7,,455,1247.8,408,1287.5,411,1324.4,,1429.3,2024-04,,420,0.04,Tona M.
438,Jamie Loeb,30.2,1298.6,,425,1277.0,432,1265.4,475,1285.3,,1668.4,2017-04,,490,-0.11,Loeb J.
439,Julie Struplova,20.5,1295.8,,429,1273.3,421,1277.9,413,1322.9,,1370.6,2024-05,,352,0.22,Struplova J.
440,Gabriela Ce,32.2,1294.4,,454,1248.2,425,1273.5,467,1295.3,,1517.0,2022-05,,436,0.01,Ce G.
441,Rinon Okuwaki,20.1,1293.6,,418,1286.5,482,1206.5,415,1321.8,,1359.6,2024-09,,599,-0.31,Okuwaki R.
442,Eudice Wong Chong,28.8,1292.0,,430,1271.3,394,1301.7,295,1396.0,,1640.2,2014-02,,526,-0.17,Chong E.
443,Maria Sara Popa,19.5,1291.5,,482,1213.3,409,1287.3,420,1320.8,,1461.0,2023-09,,677,-0.42,Popa M.
444,Saki Imamura,23.0,1289.9,,432,1268.0,440,1260.0,438,1311.9,,1309.4,2025-05,,394,0.12,Imamura S.
445,Jacqueline Cabaj Awad,29.2,1288.2,,415,1287.9,492,1179.1,421,1319.1,,1330.1,2025-03,,563,-0.24,Awad J.
446,Rasheeda Mcadoo,29.7,1287.8,,441,1264.9,480,1209.7,422,1318.9,,1294.9,2025-03,,533,-0.18,Mcadoo R.
447,Thasaporn Naklo,23.5,1286.5,,436,1266.8,441,1258.3,424,1318.3,,1369.7,2024-12,,441,0.01,Naklo T.
448,Madison Sieg,21.9,1286.4,,440,1265.4,463,1236.7,426,1318.2,,1329.0,2025-04,,389,0.14,Sieg M.
449,Andreea Prisacariu,25.2,1286.4,,456,1246.3,438,1261.2,425,1318.2,,1380.7,2022-05,,483,-0.07,Prisacariu A.
450,Antonia Schmidt,23.9,1286.2,,414,1288.9,456,1243.4,427,1318.1,,1393.6,2025-02,,444,0.01,Schmidt A.
451,Maria Kozyreva,26.0,1285.7,,413,1289.3,434,1264.9,429,1317.9,,1586.1,2024-03,,518,-0.14,Kozyreva M.
452,Ye Xin Ma,25.9,1285.7,,443,1264.3,499,1163.9,412,1323.6,,1461.7,2023-09,,263,0.54,Ma Y.
453,Amina Anshba,25.6,1285.4,,471,1224.1,454,1248.0,430,1317.7,,1385.6,2024-09,,537,-0.17,Anshba A.
454,Ruien Zhang,17.1,1283.2,,433,1267.6,443,1256.6,432,1316.6,,1349.0,2025-04,,641,-0.34,Zhang R.
455,Melisa Ercan,19.7,1282.5,,438,1265.9,467,1228.4,433,1316.2,,1454.3,2024-07,,369,0.21,Ercan M.
456,Alexandra Bozovic,25.8,1281.8,,447,1259.0,481,1207.4,434,1315.9,,1331.8,2024-11,,552,-0.19,Bozovic A.
457,Radka Zelnickova,21.9,1280.9,,463,1237.1,474,1219.9,435,1315.4,,1326.5,2023-03,,413,0.1,Zelnickova R.
458,Ekaterina Makarova,29.3,1280.1,,464,1236.0,429,1271.5,507,1225.1,,1452.8,2024-07,,225,0.71,Makarova E.
459,Yufei Ren,19.0,1275.7,,419,1285.0,468,1226.5,436,1312.8,,1428.5,2024-05,,534,-0.15,Ren Y.
460,Akiko Omae,32.3,1275.3,,435,1267.1,503,1159.1,498,1245.6,,1368.4,2011-10,,618,-0.3,Omae A.
461,Lucia Cortez Llorca,25.0,1275.3,,487,1208.4,400,1297.6,437,1312.6,,1483.2,2024-08,,376,0.2,Llorca L.
462,Elena Micic,20.9,1273.5,,444,1261.2,471,1221.6,439,1311.8,,1406.5,2025-01,,374,0.21,Micic E.
463,Jada Robinson,26.3,1268.8,,467,1234.0,428,1272.0,442,1309.4,,1362.1,2024-07,,451,0.03,Robinson J.
464,Nicole Fossa Huergo,30.0,1268.3,,476,1219.8,453,1248.2,443,1309.1,,1453.7,2024-12,,279,0.51,Huergo N.
465,Hikaru Sato,25.8,1268.0,,450,1255.4,452,1249.0,445,1309.0,,1373.2,2023-10,,372,0.22,Sato H.
466,Sofia Rocchetti,22.2,1267.6,,466,1234.3,433,1265.0,446,1308.8,,1334.8,2024-09,,558,-0.18,Rocchetti S.
467,Sofia Shapatava,36.4,1265.9,,468,1233.6,444,1256.3,487,1278.4,,1540.0,2014-06,,421,0.1,Shapatava S.
468,Sapfo Sakellaridi,22.1,1263.8,,506,1142.2,435,1264.6,449,1306.9,,1437.6,2023-07,,355,0.28,Sakellaridi S.
469,Jessica Pieri,28.0,1262.6,,472,1223.9,461,1238.7,465,1295.8,,1610.2,2021-05,,409,0.14,Pieri J.
470,Daria Lodikova,28.8,1262.0,,484,1211.2,445,1254.6,451,1306.0,,1453.4,2024-10,,410,0.14,Lodikova D.
471,Yasmine Mansouri,23.9,1261.5,,452,1253.2,495,1169.0,452,1305.8,,1399.3,2024-11,,325,0.37,Mansouri Y.
472,Georgia Andreea Craciun,25.9,1260.7,,498,1178.3,437,1263.3,453,1305.4,,1414.9,2024-11,,334,0.35,Craciun G.
473,Riya Bhatia,27.6,1259.3,,495,1181.9,431,1266.8,488,1275.5,,1279.5,2025-05,,551,-0.15,Bhatia R.
474,Dalayna Hewitt,24.4,1257.0,,458,1244.6,490,1181.6,455,1303.5,,1492.7,2022-03,,705,-0.4,Hewitt D.
475,Victoria Rodriguez,30.1,1256.7,,451,1255.0,472,1221.3,456,1303.3,,1470.7,2015-10,,408,0.15,Rodriguez V.
476,Martha Matoula,28.0,1255.7,,412,1289.5,466,1230.5,330,1377.9,,1571.3,2022-08,,395,0.19,Matoula M.
477,Sakura Hosogi,25.0,1254.3,,465,1235.2,470,1222.3,457,1302.2,,1368.2,2022-12,,358,0.29,Hosogi S.
478,Gabriella Da Silva Fick,24.7,1250.9,,481,1213.6,459,1240.5,459,1300.5,,1289.3,2025-05,,401,0.18,Fick G.
479,Nahia Berecoechea,21.1,1250.5,,470,1230.6,483,1203.8,460,1300.3,,1344.8,2024-06,,506,-0.05,Berecoechea N.
480,Naiktha Bains,27.4,1247.1,,480,1214.8,446,1253.9,509,1221.8,,1427.3,2019-05,,521,-0.08,Bains N.
481,Jenny Lim,20.3,1246.4,,473,1221.9,475,1219.8,464,1298.2,,1477.7,2024-05,,520,-0.08,Lim J.
482,Jessica Failla,27.9,1243.5,,462,1239.1,488,1188.5,473,1285.4,,1414.0,2024-06,,585,-0.19,Failla J.
483,Nina Vargova,19.4,1238.7,,474,1221.3,484,1200.1,468,1294.3,,1333.2,2022-11,,375,0.25,Vargova N.
484,Kaylah Mcphee,26.9,1234.0,,479,1215.6,460,1239.7,499,1245.0,,1550.1,2019-08,,607,-0.23,Mcphee K.
485,Ayumi Koshiishi,24.7,1233.7,,483,1211.8,465,1231.9,469,1291.9,,1375.8,2024-10,,378,0.25,Koshiishi A.
486,Maria Jose Portillo Ramirez,26.0,1231.7,,477,1218.1,485,1194.1,472,1290.9,,1291.7,2024-11,,428,0.13,Ramirez M.
487,Erika Sema,36.3,1221.4,,486,1210.3,505,1147.0,491,1270.7,,1570.8,2011-10,,515,-0.06,Sema E.
488,Weronika Falkowska,24.7,1220.8,,459,1242.1,494,1172.7,474,1285.4,,1411.9,2022-11,,403,0.19,Falkowska W.
489,Weronika Ewald,19.2,1220.6,,493,1191.5,462,1237.5,476,1285.3,,1280.4,2024-08,,582,-0.17,Ewald W.
490,Naho Sato,24.1,1217.8,,489,1198.0,469,1223.9,478,1283.9,,1430.8,2024-05,,560,-0.13,Sato N.
491,Victoria Hu,23.1,1214.0,,490,1197.5,486,1192.2,480,1282.0,,1478.5,2024-02,,507,-0.03,Hu V.
492,Funa Kozaki,23.7,1211.9,,485,1211.1,489,1185.7,483,1280.9,,1296.7,2024-11,,651,-0.28,Kozaki F.
493,Kira Pavlova,21.0,1210.5,,491,1195.4,473,1220.3,484,1280.3,,1394.5,2024-04,,553,-0.11,Pavlova K.
494,Alana Smith,25.5,1209.8,,460,1240.0,510,1116.5,504,1235.0,,1489.9,2024-11,,379,0.26,Smith A.
495,Julieta Lara Estable,27.6,1209.8,,475,1219.9,491,1180.3,485,1279.9,,1428.4,2024-08,,530,-0.07,Estable J.
496,Yuki Naito,24.1,1206.5,,496,1180.3,478,1212.0,496,1247.7,,1525.0,2022-06,,529,-0.06,Naito Y.
497,Angelina Voloshchuk,18.1,1200.9,,488,1202.2,493,1174.5,489,1275.5,,1337.9,2024-06,,837,-0.52,Voloshchuk A.
498,Eri Shimizu,26.9,1199.8,,494,1182.6,477,1214.9,482,1281.1,,1466.2,2024-09,,393,0.24,Shimizu E.
499,Fernanda Labrana,26.0,1197.3,,457,1244.7,496,1168.6,490,1273.6,,1342.9,2022-04,,522,-0.05,Labrana F.
500,Ekaterina Yashina,31.8,1178.9,,502,1164.8,504,1149.3,508,1224.6,,1263.8,2011-07,,491,0.02,Yashina E.
501,Tara Moore,32.7,1177.3,,499,1172.7,513,1081.8,494,1251.0,,1600.5,2016-11,,863,-0.54,Moore T.
502,Ana Candiotto,20.9,1174.4,,500,1169.1,501,1161.4,492,1262.2,,1196.8,2024-09,,567,-0.12,Candiotto A.
503,Ekaterina Ovcharenko,24.4,1160.8,,505,1144.6,497,1166.4,493,1255.4,,1308.8,2024-10,,505,0.0,Ovcharenko E.
504,Ya Yi Yang,20.4,1155.3,,504,1149.5,502,1159.4,505,1226.2,,1374.1,2023-10,,773,-0.43,Yang Y.
505,Haley Giavara,24.5,1149.6,,503,1164.2,509,1119.5,495,1249.8,,1423.4,2023-07,,476,0.06,Giavara H.
506,Rinko Matsuda,20.1,1147.2,,507,1129.7,487,1188.6,510,1218.1,,1203.6,2025-06,,580,-0.14,Matsuda R.
507,Haruna Arakawa,25.3,1143.1,,511,1100.2,498,1165.7,497,1246.5,,1207.1,2017-05,,504,0.01,Arakawa H.
508,Ksenia Laskutova,28.0,1138.4,,501,1166.8,508,1120.0,501,1244.2,,1206.6,2022-10,,501,0.01,Laskutova K.
509,Aneta Laboutkova,24.8,1127.8,,513,1096.0,506,1128.9,502,1238.9,,1326.4,2022-08,,619,-0.2,Laboutkova A.
510,Mana Kawamura,23.8,1125.8,,509,1119.0,500,1163.4,503,1237.9,,1295.8,2023-03,,702,-0.32,Kawamura M.
511,Hiroko Kuwata,34.3,1120.3,,510,1107.0,512,1096.5,513,1120.6,,1574.6,2015-03,,594,-0.15,Kuwata H.
512,Freya Christie,27.5,1100.5,,508,1120.5,514,1073.6,514,1042.4,,1281.6,2016-10,,678,-0.28,Christie F.
513,Celia Cervino Ruiz,27.3,1100.5,,512,1097.9,507,1125.1,506,1225.2,,1200.0,2022-06,,549,-0.07,Ruiz C.
514,Nagi Hanatani,30.1,1078.8,,514,1046.3,511,1105.5,512,1183.9,,1372.5,2021-08,,670,-0.27,Hanatani N.
